product_name,brand,price,image_url,switch_type,connection,layout,key_force,weight_g,wireless_type,engraving,backlight
AULA F108 PRO 유무선 기계식 치즈 화이트 한글,AULA,99000,https://img.danuri.io/catalog-image/476/026/094/a2377078683d4985b1880e8ea1f7a7a4.jpg,기계식,유선+무선,풀배열,43g,1020,"전용동글(리시버), 블루투스",한/영 정각,RGB 백라이트
FL-ESPORTS NX108 유무선 기계식 크림 말차,FL-ESPORTS,77000,https://img.danuri.io/catalog-image/377/122/097/c7cdfec0c9dd483994d08f9b8d4f1a07.jpg,기계식,유선+무선,풀배열,43g,1180,"전용동글(리시버), 블루투스",한/영 정각,RGB 백라이트
AULA F87 Pro 기계식 다크 올리비아 한글,AULA,42800,https://img.danuri.io/catalog-image/976/466/063/0b2065d34e0d4c87b1f55c8111f2ec38.jpg,기계식,유선,텐키리스,43g,916,유선,한/영 정각,RGB 백라이트
로지텍 KEYS-TO-GO 2 (정품),로지텍,89000,https://img.danuri.io/catalog-image/382/164/062/e4b4351b046d4fd1b46eec78855b5235.jpg,펜타그래프,무선,미니,0g,222,블루투스,한/영 정각,없음
AULA F87 Pro 유무선 기계식 인디고 블랙 한글,AULA,67000,https://img.danuri.io/catalog-image/527/437/061/389ff5db08d545118e0f487bdd0fae70.jpg,기계식,유선+무선,텐키리스,35g,916,"전용동글(리시버), 블루투스",한/영 정각,RGB 백라이트
AULA F108 PRO 유무선 기계식 오로라 블랙 한글,AULA,89000,https://img.danuri.io/catalog-image/440/026/094/e048dc0fdeb8441194f62db164479dcd.jpg,기계식,유선+무선,풀배열,43g,1020,"전용동글(리시버), 블루투스",한/영 정각,RGB 백라이트
앱코 K560 축교환 레인보우 무빙 LED 기계식 블랙,앱코,30300,https://img.danuri.io/catalog-image/190/363/013/e2bb0e5726a0479dad2163b6a77bfce8.jpg,기계식,유선,풀배열,45g,840,유선,정보없음,레인보우 백라이트
AULA F108 기계식 라이트 그레이,AULA,59000,https://img.danuri.io/catalog-image/050/423/108/849d4b0d6a88421299ec7bd316e78dc2.jpg,기계식,유선,풀배열,43g,1027,유선,한/영 정각,RGB 백라이트
로지텍 MX Keys S (정품),로지텍,143420,https://img.danuri.io/catalog-image/697/437/020/303bda60ac8242179bd4834dd3a5746a.jpg,펜타그래프,무선,풀배열,0g,810,블루투스,정보없음,단색 백라이트
한성컴퓨터 TFG Magnetox 2XF 저소음,한성컴퓨터,119000,https://img.danuri.io/catalog-image/051/622/122/0c7628f3d9ff448ba99b54ed36f1f31e.jpg,무접점 자석축,유선,풀배열,35g,1233,유선,한/영 정각,RGB 백라이트
Razer Huntsman V3 Pro TKL 8K KR,Razer,328560,https://img.danuri.io/catalog-image/388/699/100/444dd1538aa640789efe1f612b65874d.jpg,무접점 광축,유선,텐키리스,40g,932,유선,한/영 정각,RGB 백라이트
앱코 ACH105 오피스워커 유무선 기계식 앨리스블루,앱코,79000,https://img.danuri.io/catalog-image/760/690/103/d3572b09d95441fd9c842a43994f870b.jpeg,기계식,유선+무선,풀배열,47g,1424,"전용동글(리시버), 블루투스",한/영 정각,RGB 백라이트
앱코 K561 교체축 유무선 블루투스 기계식 블랙,앱코,29900,https://img.danuri.io/catalog-image/812/708/036/c644fb6ed51047419cba178591fd3ccc.jpg,기계식,유선+무선,풀배열,45g,867,"전용동글(리시버), 블루투스",한/영 정각,없음
한성컴퓨터 GK698 OfficeMaster 유무선,한성컴퓨터,35910,https://img.danuri.io/catalog-image/519/752/072/0b4579d061394d40a9789926ea639c61.jpg,펜타그래프,유선+무선,풀배열,0g,768,"전용동글(리시버), 블루투스",한/영 정각,없음
앱코 MK98 AI 코파일럿,앱코,9900,https://img.danuri.io/catalog-image/278/465/069/9efa48aa105140b988d0ebd1b447657f.jpg,펜타그래프,무선,98키,50g,500,전용동글(리시버),레이저각인 키캡,없음
AULA S102Pro 유무선,AULA,29800,https://img.danuri.io/catalog-image/247/222/106/77dcaa2d3f6941999776b20d08204273.jpg,멤브레인,유선+무선,풀배열,0g,820,"전용동글(리시버), 블루투스",레이저각인 키캡,RGB 백라이트
앱코 HACKER K640 축교환 게이밍 기계식 블랙,앱코,42000,https://img.danuri.io/catalog-image/084/709/004/1b79a2c70e9f4d3bac552f83034a2c28.jpg,기계식,유선,풀배열,50g,1050,유선,한/영 정각,레인보우 백라이트
AULA F87 Pro 기계식 라이트 올리비아 한글,AULA,48000,https://img.danuri.io/catalog-image/021/467/063/4fdde6443e6b45cda77338373fdb677d.jpg,기계식,유선,텐키리스,43g,916,유선,한/영 정각,RGB 백라이트
앱코 MK108 저소음 멤브레인,앱코,18900,https://img.danuri.io/catalog-image/917/346/038/4ecaad29f6954a60bb59e1aeacf08abd.jpg,멤브레인,유선,풀배열,0g,711,유선,한/영 정각,레인보우 백라이트
COX CS108 유무선 기계식,COX,62900,https://img.danuri.io/catalog-image/014/978/096/0c8d2aab928e441eb67c89df21acd1f0.jpg,기계식,유선+무선,풀배열,43g,1200,"전용동글(리시버), 블루투스",한/영 정각,RGB 백라이트
AULA F75 MAX 유무선 기계식 올리비아 화이트,AULA,74000,https://img.danuri.io/catalog-image/637/268/090/331151b08c7c4eccb3918e9616fc347b.jpg,기계식,유선+무선,미니,46g,1023,"블루투스, 전용동글(리시버)",한/영 정각,RGB 백라이트
AULA F99 유무선 기계식 올리비아 화이트 한글,AULA,82000,https://img.danuri.io/catalog-image/972/934/058/e5e8c9cc28044a19aad2de21e3bbdc37.jpg,기계식,유선+무선,99키,34g,1183,"전용동글(리시버), 블루투스",한/영 정각,RGB 백라이트
AULA F87 Pro 유무선 기계식 올리비아 화이트 한글,AULA,67000,https://img.danuri.io/catalog-image/344/826/059/ddd11564553343b680c520305f40e32c.jpg,기계식,유선+무선,텐키리스,40g,916,"전용동글(리시버), 블루투스",한/영 정각,RGB 백라이트
앱코 K580 교체축 게이밍 기계식 스카이,앱코,29300,https://img.danuri.io/catalog-image/424/533/068/498e54238a674c77856b6d416498602b.jpg,기계식,유선,풀배열,50g,500,유선,한/영 정각,레인보우 백라이트
로지텍 ERGO K860 (정품),로지텍,189050,https://img.danuri.io/catalog-image/911/479/013/79da1db6ee514fe4a35209d52cd90c0d.jpg,펜타그래프,무선,풀배열,0g,1160,"전용동글(리시버), 블루투스",정보없음,없음
앱코 A87K 3모드 퀵스압 유무선 기계식,앱코,59000,https://img.danuri.io/catalog-image/770/850/095/d3b4d2636bfb422da059958e834d146a.jpg,기계식,유선+무선,텐키리스,45g,960,"전용동글(리시버), 블루투스",한/영 정각,RGB 백라이트
앱코 AK87 슬림 프로 3모드 로우 프로파일 유무선 기계식,앱코,75000,https://img.danuri.io/catalog-image/418/888/094/20e1ad71e1e74e1a8c2a2738b18aa4d3.jpg,기계식,유선+무선,텐키리스,43g,817,"전용동글(리시버), 블루투스",영문 정각,RGB 백라이트
MSI FORGE K200 WIRELESS,MSI,25410,https://img.danuri.io/catalog-image/203/206/088/2e5ddc263d8745d3b7619bcabca8bee8.jpg,펜타그래프,무선,풀배열,0g,445,전용동글(리시버),레이저각인 키캡,없음
주연테크 긱스타 GKG87 유무선 기계식 블랙,주연테크,52110,https://img.danuri.io/catalog-image/848/566/094/26f0494ef17f43f4aebe9f8a12bb8ea0.jpg,기계식,유선+무선,텐키리스,45g,952,"블루투스, 전용동글(리시버)",한/영 정각,RGB 백라이트
앱코 AN06F TKL PBT 게이밍 기계식,앱코,16900,https://img.danuri.io/catalog-image/130/006/019/06c4316b5301481996789b2338684b37.jpg,기계식,유선,텐키리스,60g,650,유선,한/영 정각,RGB 백라이트
CORSAIR K70 RGB TKL OPX 광적축 게이밍 기계식키보드,CORSAIR,199000,https://img.danuri.io/catalog-image/421/795/016/8787e71493e547dab11f5dfb732dc806.jpg,무접점 광축,유선,텐키리스,45g,930,유선,한/영 정각,RGB 백라이트
EVGA Z20 RGB 광축 게이밍키보드한글,EVGA,60450,https://img.danuri.io/catalog-image/578/811/014/a36e791c54744af5a6ed7ca9a128e858.jpg,무접점 광축,유선,풀배열,40g,1130,유선,한/영 정각,RGB 백라이트
CHERRY XTRFY K37 유무선,CHERRY,48560,https://img.danuri.io/catalog-image/029/618/122/7d7489146e87475a8e6dea458cbb8771.jpeg,멤브레인,유선+무선,98키,0g,750,"전용동글(리시버), 블루투스",한/영 정각,RGB 백라이트
발키리 VK-99 PRO LVBU 유무선 기계식,발키리,98000,https://img.danuri.io/catalog-image/179/978/072/e0aae728d961433ab0c78659cd4d6c05.jpg,기계식,유선+무선,99키,43g,1165,"전용동글(리시버), 블루투스",한/영 정각,RGB 백라이트
FL-ESPORTS OG104 유무선 핫스왑 풀윤활 기계식 그레이 한글,FL-ESPORTS,159000,https://img.danuri.io/catalog-image/029/708/036/90a602fcf20e4c558f1e54208a379263.jpg,기계식,유선+무선,풀배열,45g,1370,"전용동글(리시버), 블루투스",한/영 정각,RGB 백라이트
AULA F99 유무선 기계식 인디고 블랙 한글,AULA,112400,https://img.danuri.io/catalog-image/412/145/060/bb8f91aceb7948f6bd4bdc5c7541ed4e.jpg,기계식,유선+무선,99키,40g,1183,"전용동글(리시버), 블루투스",한/영 정각,RGB 백라이트
앱코 LKN84BT 8K 로우 프로파일 슬림 유무선 무접점,앱코,149000,https://img.danuri.io/catalog-image/582/098/078/9dd7a9cea60a46af9ba405010060db71.jpg,무접점,유선+무선,미니,35g,791,"블루투스, 전용동글(리시버)",한/영 정각,없음
AULA F108 PRO 유무선 기계식 해외구매,AULA,54180,https://img.danuri.io/catalog-image/351/331/076/4482f824c6ea4d7da188f837e2e9eca7.jpg,기계식,유선+무선,풀배열,45g,930,"전용동글(리시버), 블루투스",정보없음,RGB 백라이트
로지텍 mx keys mini (정품),로지텍,112500,https://img.danuri.io/catalog-image/342/151/016/98a253888dd247c58814d6d03145c1b4.jpg,펜타그래프,무선,미니,0g,506,블루투스,한/영 정각,단색 백라이트
CORSAIR 갤리온 100 SD 스트림덱 LCD 기계식,CORSAIR,491000,https://img.danuri.io/catalog-image/577/947/104/7e14d17430c04823bae6fe5606f2bd61.jpg,기계식,유선,텐키리스,45g,1390,유선,영문 정각,RGB 백라이트
한성컴퓨터 TFG Magnetox 2XL 저소음,한성컴퓨터,99610,https://img.danuri.io/catalog-image/077/622/122/92f2dce9b5f8444b83a3dde5351146c5.jpg,무접점 자석축,유선,텐키리스,35g,1042,유선,한/영 정각,RGB 백라이트
FL-ESPORTS X80 유무선 기계식,FL-ESPORTS,59800,https://img.danuri.io/catalog-image/556/364/096/00e65b1d7a3c4ca6a0e8b75be03baa26.jpg,기계식,유선+무선,텐키리스,40g,910,"전용동글(리시버), 블루투스",한/영 정각,RGB 백라이트
CORSAIR K70 RGB PRO,CORSAIR,199910,https://img.danuri.io/catalog-image/009/388/016/83d3a55d3c38462eb41e2b77cfc0a478.jpg,기계식,유선,풀배열,45g,1150,유선,한/영 정각,RGB 백라이트
한성컴퓨터 GK868B PRO 동그리 8K 유무선 무접점,한성컴퓨터,125100,https://img.danuri.io/catalog-image/479/607/047/e6c7feae6178443fbbb3342fcc3f785e.jpg,무접점,유선+무선,미니,35g,630,"전용동글(리시버), 블루투스",한/영 정각,없음
COX CSK88 VIA 실리콘 사운드 뎀퍼 유무선 기계식 그린,COX,35750,https://img.danuri.io/catalog-image/367/426/091/8be61b66b56841cb90ccea8a5b86c89e.jpg,기계식,유선+무선,텐키리스,40g,957,"전용동글(리시버), 블루투스",한/영 정각,RGB 백라이트
앱코 AF108PRO ABKO x SOAI 콜라보 3모드 기계식 코랄블루,앱코,85510,https://img.danuri.io/catalog-image/511/953/101/54365924b6fd44178394b293df7b9ea7.jpeg,기계식,유선+무선,풀배열,46g,1029,"전용동글(리시버), 블루투스",한/영 정각,RGB 백라이트
COX COS500 무선,COX,28000,https://img.danuri.io/catalog-image/551/319/077/610c59225d1d44ada752a5822251cae2.jpg,멤브레인,무선,텐키리스,0g,286,"전용동글(리시버), 블루투스",한/영 정각,없음
앱코 K561 교체축 유무선 블루투스 기계식 화이트,앱코,29900,https://img.danuri.io/catalog-image/887/708/036/856053bfa47e4092a955cd066c7f15cd.jpg,기계식,유선+무선,풀배열,45g,867,"전용동글(리시버), 블루투스",한/영 정각,없음
앱코 AF108PRO ABKO x SOAI 콜라보 3모드 기계식 와인그레이,앱코,87000,https://img.danuri.io/catalog-image/320/633/122/f5c875b3e188473fa32dc82a9d62ddd1.jpeg,기계식,유선+무선,풀배열,46g,1029,"전용동글(리시버), 블루투스",한/영 정각,RGB 백라이트
앱코 K562 교체축 3모드 계산기 유무선 기계식,앱코,26900,https://img.danuri.io/catalog-image/845/642/090/87c46bb45b694003935a6ffe8449a79e.jpg,기계식,유선+무선,96키,50g,862,"전용동글(리시버), 블루투스",한/영 정각,RGB 백라이트
COX CQK81 VIA 엣지 LED & 노브 3MODE 유무선 기계식,COX,33000,https://img.danuri.io/catalog-image/840/437/090/1d3cc05026b643699b08c5aaa8bb9aa0.jpg,기계식,유선+무선,미니,45g,800,"전용동글(리시버), 블루투스",영문 정각,RGB 백라이트
한성컴퓨터 GK787SE OfficeMaster 8K 기계식 뽀송,한성컴퓨터,77000,https://img.danuri.io/catalog-image/633/269/030/73e59c5e54864f088a513cc898151a0b.jpg,기계식,유선,풀배열,38g,1500,유선,한/영 정각,없음
COX COS600 무선,COX,26900,https://img.danuri.io/catalog-image/033/886/073/63a5d0bea58241e99c3135db1abeea06.jpg,펜타그래프,무선,풀배열,60g,615,"전용동글(리시버), 블루투스",레이저각인 키캡,없음
CORSAIR 뱅가드 96 MLX 게이밍 무선 기계식,CORSAIR,257470,https://img.danuri.io/catalog-image/871/483/109/b6fd5765220648d980fe576f914e027a.jpg,기계식,유선+무선,96키,45g,1167,"전용동글(리시버), 블루투스",한/영 정각,RGB 백라이트
CORSAIR K70 MAX RGB MGX 게이밍 기계식,CORSAIR,279000,https://img.danuri.io/catalog-image/863/546/027/060ac8bd44f94904813ddaba9af064fd.jpg,무접점 자석축,유선,풀배열,45g,1390,유선,한/영 정각,RGB 백라이트
앱코 AM61 자석축 래피드 트리거,앱코,38400,https://img.danuri.io/catalog-image/238/235/060/9c056e44f8bb4831856463e4997c0391.jpg,무접점 자석축,유선,미니,50g,550,유선,한/영 정각,RGB 백라이트
앱코 NTP84,앱코,32550,https://img.danuri.io/catalog-image/015/692/108/a801688a9e54479fadd08651273a8cc1.jpg,멤브레인,유선+무선,미니,45g,540,"전용동글(리시버), 블루투스",한/영 정각,RGB 백라이트
Teamwolf RAVEN 68 HE,Teamwolf,81000,https://img.danuri.io/catalog-image/868/341/074/1658353830774a0dbc43f05a6f381f48.jpg,무접점 자석축,유선,미니,30g,680,유선,한/영 정각,RGB 백라이트
CHERRY XTRFY MX 3.1 RGB MX2A 블랙,CHERRY,149460,https://img.danuri.io/catalog-image/739/220/045/03f6632f313644868cb7d396c0f04c3c.jpg,기계식,유선,풀배열,45g,1120,유선,레이저각인 키캡,RGB 백라이트
AULA F65 유무선 기계식 스카이 블랙,AULA,67000,https://img.danuri.io/catalog-image/126/325/073/a821a4851637435a82fedecac35d4a27.jpg,기계식,유선+무선,미니,43g,804,"전용동글(리시버), 블루투스",한/영 정각,RGB 백라이트
로지텍 G413 SE (정품),로지텍,75050,https://img.danuri.io/catalog-image/631/396/016/9e13839e84f04030ad58047dfd467b7e.jpg,기계식,유선,풀배열,50g,780,유선,정보없음,단색 백라이트
COX CM105KDW 3모드 조약돌,COX,27900,https://img.danuri.io/catalog-image/848/721/101/ee9695fb4a2046f4a94a71e01a63c190.jpg,멤브레인,유선+무선,풀배열,45g,810,"전용동글(리시버), 블루투스",한/영 정각,RGB 백라이트
COX CMK87R 자석축 래피드 트리거,COX,59000,https://img.danuri.io/catalog-image/551/505/071/df8b69ded87e4d27a0c90ba7bda804e1.jpg,무접점 자석축,유선,텐키리스,30g,935,유선,한/영 정각,RGB 백라이트
앱코 AK108 3모드 OTEMU 특주축 유무선 기계식 그레이,앱코,69000,https://img.danuri.io/catalog-image/446/015/093/2e1f2b855a21429e996de4e5d1f63f71.jpg,기계식,유선+무선,풀배열,40g,1117,"전용동글(리시버), 블루투스",한/영 정각,RGB 백라이트
FL-ESPORTS NX108 유무선 기계식 크림 핑크,FL-ESPORTS,77000,https://img.danuri.io/catalog-image/413/122/097/fa3fd9f16ef240b682f4252ea14de8a6.jpg,기계식,유선+무선,풀배열,43g,1180,"전용동글(리시버), 블루투스",한/영 정각,RGB 백라이트
앱코 AKN10BT 반알만한 무접점,앱코,250000,https://img.danuri.io/catalog-image/004/191/092/317a3c44705c4c74b172b4defd9098f8.jpg,무접점,유선+무선,풀배열,45g,1200,"전용동글(리시버), 블루투스",한/영 정각,없음
CORSAIR K100 AIR WIRELESS RGB Ultra Low Profile 게이밍 기계식키보드,CORSAIR,378880,https://img.danuri.io/catalog-image/703/932/017/f60535d22068499098328a922f3324e1.jpg,기계식,유선+무선,풀배열,65g,780,"전용동글(리시버), 블루투스",한/영 정각,RGB 백라이트
앱코 AO98 레트로 타임리스 3모드 기계식,앱코,59000,https://img.danuri.io/catalog-image/484/702/097/554cf3858e17411dbda4acf29ec9ffc8.jpg,기계식,유선+무선,98키,45g,1090,"전용동글(리시버), 블루투스",한/영 정각,RGB 백라이트
COX CK01 TKL PBT SL 기계식키보드,COX,29900,https://img.danuri.io/catalog-image/348/185/015/084823b166fc4190816483d972831a89.jpg,기계식,유선,텐키리스,60g,700,유선,한/영 정각,없음
AULA F65 유무선 기계식 올리비아 화이트,AULA,67000,https://img.danuri.io/catalog-image/682/696/073/b0d4d75acc0c4c42a62e6c2d8f7a5620.jpg,기계식,유선+무선,미니,43g,804,"전용동글(리시버), 블루투스",한/영 정각,RGB 백라이트
CHERRY XTRFY MX 8.3 TKL 8K 유무선 기계식,CHERRY,371070,https://img.danuri.io/catalog-image/100/699/100/8b35eb77f81647e6bda88649ade94b57.jpg,기계식,유선+무선,텐키리스,45g,1250,"전용동글(리시버), 블루투스",한/영 정각,RGB 백라이트
앱코 AN02 블랙 RGB BAR 축교환 기계식키보드,앱코,34900,https://img.danuri.io/catalog-image/640/650/014/3f849288b9264d679ffeac758f14736a.jpg,기계식,유선,풀배열,50g,830,유선,한/영 정각,레인보우 백라이트
앱코 K640T SLIM 축교환 무빙LED 텐키리스 기계식 화이트,앱코,28900,https://img.danuri.io/catalog-image/614/282/015/0841a71c5c8a4b349fccb257cf53d714.jpg,기계식,유선,텐키리스,45g,572,유선,정보없음,단색 백라이트
앱코 AS104 오피스네비게이터 유무선 기계식 블루레몬,앱코,99000,https://img.danuri.io/catalog-image/615/903/071/01c2c2020c844e66a8bf376813fa5ae0.jpg,기계식,유선+무선,풀배열,45g,1163,"전용동글(리시버), 블루투스",한/영 정각,RGB 백라이트
앱코 AK87 3모드 OTEMU 특주축 유무선 기계식 다크 그라데이션,앱코,62000,https://img.danuri.io/catalog-image/639/828/074/a693e440bfee49f2b3a49174707c4c80.jpg,기계식,유선+무선,텐키리스,40g,1024,"전용동글(리시버), 블루투스",정보없음,RGB 백라이트
앱코 K669 카일 광축 게이밍,앱코,66130,https://img.danuri.io/catalog-image/820/690/019/71eac0988c0f4b1ca1abe027312fcf30.jpg,무접점 광축,유선,풀배열,55g,1260,유선,한/영 정각,레인보우 백라이트
CHERRY XTRFY K5 PRO TMR,CHERRY,149000,https://img.danuri.io/catalog-image/232/007/102/9d7f2dcba0ad4b188902bc1cdc89452c.jpg,무접점 자석축,유선,미니,38g,568,유선,레이저각인 키캡,RGB 백라이트
COX CFL87+21 옴니키(원솔루션) 3모드 유무선 기계식,COX,55000,https://img.danuri.io/catalog-image/255/969/092/6afb9b6744c94f6787db7641bd1aaba1.jpg,기계식,유선+무선,텐키리스,45g,944,"전용동글(리시버), 블루투스",한/영 정각,RGB 백라이트
CORSAIR 뱅가드 96 MLX 게이밍 기계식,CORSAIR,212000,https://img.danuri.io/catalog-image/298/245/098/0ff89fcecf484ba78d0cf383f0aed5f6.jpg,기계식,유선,96키,40g,994,유선,한/영 정각,RGB 백라이트
앱코 K570 축교환 레인보우 무빙 LED 기계식키보드,앱코,27900,https://img.danuri.io/catalog-image/087/471/014/ceb091f4070c4bb791bda651774b4673.jpg,기계식,유선,풀배열,45g,744,유선,한/영 정각,레인보우 백라이트
앱코 K660S V2 카일 광축 V2 게이밍 화이트,앱코,66000,https://img.danuri.io/catalog-image/583/991/075/e5c3625766b54c5a90fa4f71892ed18c.jpg,무접점 광축,유선,풀배열,40g,1240,유선,한/영 정각,레인보우 백라이트
앱코 TOS300 매크로덱,앱코,29900,https://img.danuri.io/catalog-image/701/080/094/e61c7dfa2bbf4e7e8b8bcd7748f405d4.jpg,펜타그래프,유선,99키,0g,776,유선,한/영 정각,단색 백라이트
darkFlash DK108,darkFlash,18310,https://img.danuri.io/catalog-image/443/964/092/d4423995c7da46eca2236e48818cedb1.jpg,멤브레인,유선,풀배열,0g,810,유선,한/영 정각,없음
COX CK88 유무선 기계식 블랙로얄,COX,81340,https://img.danuri.io/catalog-image/328/810/094/ffe997ffd95845838c214bafa63d8822.jpg,기계식,유선+무선,텐키리스,45g,1410,"전용동글(리시버), 블루투스",영문 정각,레인보우 백라이트
앱코 AK108 3모드 OTEMU 특주축 유무선 기계식 올리비아,앱코,69000,https://img.danuri.io/catalog-image/518/015/093/49f4fcbaf0214a41914e27e0d2123fd9.jpg,기계식,유선+무선,풀배열,40g,1117,"전용동글(리시버), 블루투스",한/영 정각,RGB 백라이트
앱코 K660S V2 카일 광축 V2 게이밍 블랙,앱코,66000,https://img.danuri.io/catalog-image/689/990/075/ac910d420aca49cba8db8e9de1148ff9.jpg,무접점 광축,유선,풀배열,40g,1240,유선,한/영 정각,레인보우 백라이트
AULA F75 MAX 유무선 기계식 스카이 블랙,AULA,79000,https://img.danuri.io/catalog-image/462/556/079/1f6edd1dae3747b0b90873b701e0ba79.jpg,기계식,유선+무선,미니,40g,1023,"블루투스, 전용동글(리시버)",한/영 정각,RGB 백라이트
주연테크 긱스타 GKG87 유무선 기계식 화이트,주연테크,52110,https://img.danuri.io/catalog-image/818/566/094/748aa62883c24164b04f9992b25cd951.jpg,기계식,유선+무선,텐키리스,42g,952,"블루투스, 전용동글(리시버)",한/영 정각,RGB 백라이트
앱코 ACH105 오피스워커 유무선 기계식 라벤더,앱코,79000,https://img.danuri.io/catalog-image/739/690/103/69615bf8686e4bdeae99ecd5a9231737.jpeg,기계식,유선+무선,풀배열,47g,1424,"전용동글(리시버), 블루투스",한/영 정각,RGB 백라이트
앱코 AN02 핑크 RGB BAR 축교환 기계식키보드,앱코,39900,https://img.danuri.io/catalog-image/802/650/014/de58628b5ac449459a15223b2f18aa7a.jpg,기계식,유선,풀배열,50g,830,유선,한/영 정각,단색 백라이트
ATK RS6 Air,ATK,89000,https://img.danuri.io/catalog-image/179/663/122/069946b8135e42c8bff3760493ec1ffe.jpeg,무접점 자석축,유선,미니,35g,710,유선,영문 정각,RGB 백라이트
앱코 MK108W 무선,앱코,29000,https://img.danuri.io/catalog-image/670/223/072/456a150d78e74a879b11c416cf70ecdd.jpg,멤브레인,무선,풀배열,0g,715,"전용동글(리시버), 블루투스",레이저각인 키캡,레인보우 백라이트
COX CK01 Navy 교체축 사이드 RGB 게이밍 기계식키보드,COX,27900,https://img.danuri.io/catalog-image/044/224/013/0774175657bb482e824e1bcaf5ee79d6.jpg,기계식,유선,풀배열,45g,828,유선,정보없음,단색 백라이트
앱코 K480 교체축 게이밍 기계식 젠틀맨,앱코,27900,https://img.danuri.io/catalog-image/518/706/077/4c8184930f5d4a91b0740c824237cc7f.jpg,기계식,유선,텐키리스,45g,604,유선,한/영 정각,RGB 백라이트
COX CK01 TKL,COX,29900,https://img.danuri.io/catalog-image/436/440/014/63fb8085a1a4429eb51b5021b30bc8a3.jpg,기계식,유선,텐키리스,45g,700,유선,한/영 정각,단색 백라이트
앱코 AK10 오피스 마스터 슬림 무선,앱코,15900,https://img.danuri.io/catalog-image/034/111/079/24fe69d0b70d4891a744e73a0e6441fc.jpg,멤브레인,무선,풀배열,0g,495,"전용동글(리시버), 블루투스",한/영 정각,없음
앱코 AK87 3모드 OTEMU 특주축 유무선 기계식 그레이,앱코,49000,https://img.danuri.io/catalog-image/564/819/074/c7f17f48810b49fb825f97853f3c2dc6.jpg,기계식,유선+무선,텐키리스,40g,1024,"전용동글(리시버), 블루투스",한/영 정각,RGB 백라이트
Createkeebs LUMINKEY Magger 68 HE 프로페셔널,Createkeebs,179000,https://img.danuri.io/catalog-image/805/004/072/62ccb746f7054627a113b6183b9ce761.jpg,무접점 자석축,유선,미니,36g,1200,유선,영문 정각,RGB 백라이트
CORSAIR K65 RGB PLUS 유무선 애플 에디션,CORSAIR,220570,https://img.danuri.io/catalog-image/445/542/101/00f4876f0aa44b5b87c17faacef7f682.jpg,기계식,유선+무선,미니,45g,922,"전용동글(리시버), 블루투스",영문 정각,RGB 백라이트
앱코 LKN99 BT 로우 프로파일 슬림 무접점,앱코,159000,https://img.danuri.io/catalog-image/142/519/094/20e3e7cb6a924d6cab75c3743c8d397a.jpg,무접점,유선+무선,99키,50g,1443,"블루투스, 전용동글(리시버)",한/영 정각,없음
앱코 AP87W 3모드 유무선 게이밍 기계식,앱코,59900,https://img.danuri.io/catalog-image/645/186/101/420c7fa4a1f14c07b8c8cb1764f03f32.jpg,기계식,유선+무선,텐키리스,40g,860,"전용동글(리시버), 블루투스",한/영 정각,RGB 백라이트
COX CK87 SLIM LP PBT 블랙,COX,79000,https://img.danuri.io/catalog-image/048/465/017/534f698e5df5432c9addf95165bdeac8.jpg,기계식,유선,텐키리스,45g,760,유선,한/영 정각,단색 백라이트
지클릭커 오피스프로 WK35,지클릭커,29800,https://img.danuri.io/catalog-image/383/643/122/b0995ffc8a854475a547f5822af98349.jpeg,펜타그래프,무선,미니,0g,280,블루투스,한/영 정각,없음
프리플로우 archon AK74 PRO 유무선 기계식 메카닉 블랙,프리플로우,97900,https://img.danuri.io/catalog-image/203/655/122/d5915523b7044a3bbac3226a2fb98a40.jpeg,기계식,유선+무선,풀배열,46g,1186,"전용동글(리시버), 블루투스",한/영 정각,RGB 백라이트
FL-ESPORTS X80 유무선 기계식 크림 핑크,FL-ESPORTS,59800,https://img.danuri.io/catalog-image/556/364/096/00e65b1d7a3c4ca6a0e8b75be03baa26.jpg,기계식,유선+무선,텐키리스,40g,910,"전용동글(리시버), 블루투스",한/영 정각,RGB 백라이트
SPM PL108W 목새 유무선 기계식,SPM,84900,https://img.danuri.io/catalog-image/936/937/094/a414385c2fa548218c527e5b8e308717.jpg,기계식,유선+무선,풀배열,45g,1115,"전용동글(리시버), 블루투스",한/영 정각,RGB 백라이트
한성컴퓨터 GK798PRO 유무선 기계식 메탈 화이트,한성컴퓨터,70890,https://img.danuri.io/catalog-image/762/992/078/38c313f5bd90462ab0cde4e9f6086a83.jpg,기계식,유선+무선,풀배열,45g,1100,"전용동글(리시버), 블루투스",한/영 정각,RGB 백라이트
Keychron K10 PRO ZMK 유무선 기계식 레트로 블루,Keychron,112760,https://img.danuri.io/catalog-image/734/711/078/bb9b454adada4198b697d4b851c6315e.jpg,기계식,유선+무선,풀배열,55g,1515,"전용동글(리시버), 블루투스",한/영 정각,없음
Keychron V6 MAX 유무선 기계식 쉘화이트,Keychron,122920,https://img.danuri.io/catalog-image/184/408/079/3b5e36d7fcaf494e86af4fa56960c5aa.jpg,기계식,유선+무선,풀배열,45g,1110,"전용동글(리시버), 블루투스",영문 정각,RGB 백라이트
CORSAIR K70 RGB TKL CHAMPION 한글,CORSAIR,183450,https://img.danuri.io/catalog-image/475/376/015/f1a5915b08a8471bbf46c92d70b75d5b.jpg,기계식,유선,텐키리스,45g,930,유선,한/영 정각,RGB 백라이트
Razer Huntsman V2 TKL KR,Razer,177780,https://img.danuri.io/catalog-image/276/680/015/41e972d44630414782aad2f76cbd64dc.jpg,무접점 광축,유선,텐키리스,45g,919,유선,정보없음,RGB 백라이트
프리플로우 archon AK74 PRO 유무선 기계식 마시멜로우,프리플로우,97900,https://img.danuri.io/catalog-image/170/655/122/b439eb83b69e407ea282d9fa962faea6.jpeg,기계식,유선+무선,풀배열,43g,1186,"전용동글(리시버), 블루투스",한/영 정각,RGB 백라이트
Razer BlackWidow V3 TKL KR,Razer,96480,https://img.danuri.io/catalog-image/248/244/014/7a2dc79081a54e99b7a860b0be409e84.jpg,기계식,유선,텐키리스,45g,837,유선,한/영 정각,RGB 백라이트
앱코 KN30BT 블루투스 유무선 무접점,앱코,109000,https://img.danuri.io/catalog-image/613/133/024/4bdd9d1f230144fc96bf114bc0e48a5c.jpg,무접점,유선+무선,풀배열,45g,1035,블루투스,한/영 정각,없음
darkFlash GD87 유무선 기계식,darkFlash,37640,https://img.danuri.io/catalog-image/263/650/028/87edf30317674ccdadac52f89f5933c7.jpg,기계식,유선+무선,텐키리스,45g,1022,전용동글(리시버),한/영 정각,없음
MSI FORGE GK100,MSI,19440,https://img.danuri.io/catalog-image/253/715/078/55023a5f86fe4f52a1c76b6b3504ac7a.jpg,멤브레인,유선,풀배열,0g,756,유선,레이저각인 키캡,레인보우 백라이트
NZXT FUNCTION 2 FULL,NZXT,89000,https://img.danuri.io/catalog-image/061/528/043/764193b5bd9f42b895a67463d8b7f53c.jpg,무접점 광축,유선,풀배열,40g,910,유선,영문 정각,RGB 백라이트
앱코 KN01C 텐키리스 PBT 무접점키보드핑크,앱코,69000,https://img.danuri.io/catalog-image/654/230/015/8bcda6e287934f94a71257e874ea092b.jpg,무접점,유선,텐키리스,45g,790,유선,한/영 정각,RGB 백라이트
COX CA75 3모드 CNC 알루미늄 유무선 기계식 실버,COX,49000,https://img.danuri.io/catalog-image/026/251/073/80199dafa0d5430bb3b626701a6014e3.jpg,기계식,유선+무선,미니,50g,1378,"전용동글(리시버), 블루투스",영문 정각,RGB 백라이트
COX CK01 PBT SL 기계식키보드,COX,38000,https://img.danuri.io/catalog-image/441/185/015/272a28b726ae4d6d8af18106ad9d73f5.jpg,기계식,유선,풀배열,60g,784,유선,정보없음,없음
darkFlash GD100 유무선 기계식,darkFlash,40500,https://img.danuri.io/catalog-image/177/386/033/ba93e3395c884bc7982c20647a5741a2.jpg,기계식,유선+무선,100키,45g,920,전용동글(리시버),한/영 정각,없음
COX CMK87,COX,15900,https://img.danuri.io/catalog-image/712/463/075/0a6c0b95bde94220a71643f42c156207.jpg,멤브레인,유선,텐키리스,50g,663,유선,한/영 정각,RGB 백라이트
앱코 AN94BT 무선 블루투스 기계식 솜사탕,앱코,29900,https://img.danuri.io/catalog-image/440/769/035/e2c08a113b7a49e686d5960df13523f0.jpg,기계식,유선+무선,94키,45g,730,"전용동글(리시버), 블루투스",한/영 정각,없음
앱코 ACM105 유무선,앱코,39000,https://img.danuri.io/catalog-image/025/630/122/6e2bc8d2b5ed417b949b67df1b4037d6.jpeg,멤브레인,유선+무선,풀배열,0g,796,"전용동글(리시버), 블루투스",한/영 정각,RGB 백라이트
앱코 ACH105 오피스워커 유무선 기계식 블랙,앱코,89000,https://img.danuri.io/catalog-image/090/645/122/4fb2b5482f304e5f9597a9ed0828bb77.jpeg,기계식,유선+무선,풀배열,45g,1424,"전용동글(리시버), 블루투스",한/영 정각,RGB 백라이트
CORSAIR K70 RGB CORE TKL 무선 기계식,CORSAIR,199890,https://img.danuri.io/catalog-image/602/692/067/81429d72ad4e48c2a0574e387e664a54.jpg,기계식,무선,텐키리스,45g,804,"전용동글(리시버), 블루투스",한/영 정각,RGB 백라이트
Razer Huntsman V3 TKL 8K US,Razer,269000,https://img.danuri.io/catalog-image/239/657/122/acaed6527012405686682a4304c2d59b.jpeg,무접점 광축,유선,텐키리스,40g,795,유선,영문 정각,RGB 백라이트
COX CK480 교체축 게이밍 기계식 화이트,COX,21000,https://img.danuri.io/catalog-image/488/113/091/4037917175db4a838fed3381593473a9.jpg,기계식,유선,텐키리스,50g,500,유선,한/영 정각,RGB 백라이트
ATK RS7 Air,ATK,98000,https://img.danuri.io/catalog-image/220/663/122/db4d6dc3e9b74f82987b1753486502b9.jpeg,무접점 자석축,유선,미니,35g,900,유선,영문 정각,RGB 백라이트
COX CKM400K,COX,12500,https://img.danuri.io/catalog-image/434/704/106/a46d729416d444e6bf0173f1cf120d07.jpg,멤브레인,유선,풀배열,0g,525,유선,한/영 정각,레인보우 백라이트
앱코 HACKER K150 텐키리스 레인보우 LED 게이밍 멤브레인,앱코,13000,https://img.danuri.io/catalog-image/091/015/011/6c7300db9f4948079f40833ed8df13b7.jpg,멤브레인,유선,텐키리스,0g,550,유선,한/영 정각,레인보우 백라이트
앱코 KN35BT DRT 8K 염료승화 블루투스 유무선 무접점,앱코,119000,https://img.danuri.io/catalog-image/560/102/039/5e62dd713da5457281a634bc57dfd007.jpg,무접점,유선+무선,풀배열,45g,1035,블루투스,한/영 정각,없음
COX CMK63R,COX,44000,https://img.danuri.io/catalog-image/803/372/075/33610ec8e76d489aa8ea24f460f3bbae.jpg,무접점 자석축,유선,미니,37g,888,유선,영문 정각,RGB 백라이트
NZXT FUNCTION 2 MINITKL,NZXT,79000,https://img.danuri.io/catalog-image/731/527/043/22002ab8f3624af0af6e864b66467c41.jpg,무접점 광축,유선,미니,40g,890,유선,영문 정각,RGB 백라이트
COX CK87 크림블루 게이트론 LED 게이밍 기계식,COX,42000,https://img.danuri.io/catalog-image/505/063/011/96dd75aa23044226b4aa114b0ff5817d.jpg,기계식,유선,텐키리스,55g,935,유선,한/영 정각,단색 백라이트
LEOBOG Hi8SE 유무선 기계식 올리비아 화이트,LEOBOG,109000,https://img.danuri.io/catalog-image/540/312/077/75493fc53f77435ab503460caa94b898.jpg,기계식,유선+무선,미니,43g,1600,전용동글(리시버),한/영 정각,RGB 백라이트
CORSAIR K70 RGB CORE 게이밍 기계식,CORSAIR,124415,https://img.danuri.io/catalog-image/752/605/028/3429f77a737c4d94ae731bc2658d5b5c.jpg,기계식,유선,풀배열,45g,934,유선,한/영 정각,RGB 백라이트
CORSAIR K55 CORE TKL 멤브레인,CORSAIR,49050,https://img.danuri.io/catalog-image/371/998/094/bd9d7d8817ff4300b26f47abc104f505.jpg,멤브레인,유선,텐키리스,0g,617,유선,레이저각인 키캡,레인보우 백라이트
마이크로닉스 WIZMAX W85TKL 유무선 기계식 영문,마이크로닉스,56100,https://img.danuri.io/catalog-image/107/374/031/5104934624c3466ebdf3132792e34209.jpg,기계식,유선+무선,미니,50g,765,"전용동글(리시버), 블루투스",영문 정각,단색 백라이트
마이크로닉스 WIZMAX W85TKL 유무선 기계식 한글,마이크로닉스,82820,https://img.danuri.io/catalog-image/032/374/031/cd3869a0a6524214a7e81780519427a5.jpg,기계식,유선+무선,미니,50g,765,"전용동글(리시버), 블루투스",한/영 정각,단색 백라이트
COX CK01 PBT 이색사출 사이드 RGB 기계식키보드,COX,31500,https://img.danuri.io/catalog-image/723/696/011/86468ad5fa7a46efb1216086bab2dc06.jpg,기계식,유선,풀배열,45g,784,유선,한/영 정각,없음
앱코 AK84BT 블루투스 무선 슬림 기계식 다크 그레이,앱코,49000,https://img.danuri.io/catalog-image/011/125/073/c0e063296fb24b7b91e4670c42561efd.jpg,기계식,유선+무선,미니,45g,485,블루투스,한/영 정각,RGB 백라이트
COX C108 유무선 기계식 화이트 퍼플,COX,59900,https://img.danuri.io/catalog-image/550/547/087/3f6f554d5671457897f8143616d62a64.jpg,기계식,유선+무선,풀배열,40g,945,"전용동글(리시버), 블루투스",한/영 정각,RGB 백라이트
CORSAIR MAKR 75 기계식 DIY 키트 베어본 MLX 펄스축,CORSAIR,318380,https://img.danuri.io/catalog-image/682/046/102/3934eeeddf4a48f18698e03fc052f6aa.jpg,기계식,유선,미니,45g,916,유선,영문 정각,RGB 백라이트
앱코 AK87H 텐키리스 홀리판다 V2 기계식,앱코,29900,https://img.danuri.io/catalog-image/074/319/062/867e01ca7f684ac2ae13704f6aaa7db9.jpg,기계식,유선,텐키리스,45g,1007,유선,한/영 정각,RGB 백라이트
앱코 AK84BT 블루투스 무선 슬림 기계식 화이트 그레이,앱코,49000,https://img.danuri.io/catalog-image/133/075/073/e14cbe6539824f579baa871087d25314.jpg,기계식,유선+무선,미니,45g,485,블루투스,한/영 정각,RGB 백라이트
LEOBOG Hi8SE 유무선 기계식 스카이 실버,LEOBOG,99000,https://img.danuri.io/catalog-image/570/312/077/e3e218cc0a20448c86914d812b80a92e.jpg,기계식,유선+무선,미니,40g,1600,전용동글(리시버),한/영 정각,RGB 백라이트
COX C87 유무선 기계식 화이트 그레이,COX,39900,https://img.danuri.io/catalog-image/672/062/081/614511555cd64d4faa6af417f551d9d0.jpg,기계식,유선+무선,텐키리스,40g,862,"전용동글(리시버), 블루투스",한/영 정각,RGB 백라이트
AULA F99 기계식 다크 올리비아 한글,AULA,103700,https://img.danuri.io/catalog-image/343/466/063/0b59ae997bbb482081f325e3348ff787.jpg,기계식,유선,99키,43g,1183,유선,한/영 정각,RGB 백라이트
CORSAIR K55 CORE RGB 멤브레인 게이밍,CORSAIR,55690,https://img.danuri.io/catalog-image/448/770/035/db835851e123437c8c5b530e7f78b3a1.jpg,멤브레인,유선,풀배열,0g,752,유선,레이저각인 키캡,RGB 백라이트
앱코 AK998 8K OTEMU 특주축 기계식 블랙,앱코,58000,https://img.danuri.io/catalog-image/507/336/074/075da826193d49a5931d5b51c572829e.jpg,기계식,유선,99키,40g,852,유선,한/영 정각,RGB 백라이트
Createkeebs LUMINKEY Magger 68 HE 퍼포먼스,Createkeebs,139000,https://img.danuri.io/catalog-image/784/004/072/7eec6f4fcd7341e6ab1742d9d4906e7b.jpg,무접점 자석축,유선,미니,30g,1150,유선,영문 정각,RGB 백라이트
COX CPL108 핑거 프로텍터 3모드 기계식 브리지 블루,COX,64900,https://img.danuri.io/catalog-image/265/355/102/1c5ffe8b8b2b49758c312ff177dcbce4.jpg,기계식,유선+무선,풀배열,45g,1250,"블루투스, 전용동글(리시버)",한/영 정각,RGB 백라이트
CORSAIR K65 RGB PLUS 유무선 게이밍 기계식 영문,CORSAIR,199410,https://img.danuri.io/catalog-image/370/686/068/ce58d645723444cba7a4df5468efd385.jpg,기계식,유선+무선,미니,40g,918,"전용동글(리시버), 블루투스",영문 정각,RGB 백라이트
COX CMF104 8K 무접점 보타니컬,COX,86000,https://img.danuri.io/catalog-image/432/508/076/13794e50a27a40d0b901cf5bb3a98a0a.jpg,무접점,유선,풀배열,35g,1157,유선,한/영 정각,없음
COX CMK108,COX,19900,https://img.danuri.io/catalog-image/697/463/075/6f4a9e96242f46aa8c6a09f283a8fe45.jpg,멤브레인,유선,풀배열,50g,774,유선,한/영 정각,RGB 백라이트
앱코 AS104 오피스네비게이터 유무선 기계식 네온블랙,앱코,99000,https://img.danuri.io/catalog-image/338/366/096/5bb28bfb06ca44c6a647c326586bcb36.jpg,기계식,유선+무선,풀배열,45g,1163,"전용동글(리시버), 블루투스",한/영 정각,RGB 백라이트
앱코 KN03BT TKL 블루투스 무접점,앱코,105000,https://img.danuri.io/catalog-image/548/848/058/4b73d080340b45a3805d526a3a097e15.jpg,무접점,유선+무선,텐키리스,45g,900,블루투스,한/영 정각,없음
COX CSK88 VIA 실리콘 사운드 뎀퍼 유무선 기계식 핑크,COX,39000,https://img.danuri.io/catalog-image/361/426/091/a64ea226682642e78bbe3a739e4a982e.jpg,기계식,유선+무선,텐키리스,45g,957,"전용동글(리시버), 블루투스",한/영 정각,RGB 백라이트
앱코 MK87 저소음 텐키리스 멤브레인,앱코,17900,https://img.danuri.io/catalog-image/028/347/038/7db47a2eb3f44dc094459cf5f40c765c.jpg,멤브레인,유선,텐키리스,0g,568,유선,한/영 정각,레인보우 백라이트
CORSAIR Drop Expression Series 기계식,CORSAIR,182970,https://img.danuri.io/catalog-image/191/465/069/c2ef0fee94f5471bab621abae67be03f.jpg,기계식,유선,텐키리스,50g,930,유선,영문 정각,단색 백라이트
Razer BlackWidow V4 75% 기계식 Phantom White,Razer,257440,https://img.danuri.io/catalog-image/652/712/099/093ab44840cc41b4a5a4e94a2cd6c2fa.jpg,기계식,유선,미니,50g,815,유선,정보없음,RGB 백라이트
NZXT Function Elite MiniTKL,NZXT,128890,https://img.danuri.io/catalog-image/506/382/077/4f6d1f92815348e1afc5501926c427a4.jpg,무접점 자석축,유선,미니,30g,1091,유선,영문 정각,RGB 백라이트
앱코 TOS100 무선키보드,앱코,32800,https://img.danuri.io/catalog-image/915/321/014/cf988d78e0c440cd877ff33c13f59356.jpg,펜타그래프,무선,99키,0g,330,"전용동글(리시버), 블루투스",한/영 정각,없음
마이크로닉스 CALUX,마이크로닉스,391020,https://img.danuri.io/catalog-image/952/307/078/9902f244c6a9495d870dc57ac2932813.jpg,기계식,유선+무선,풀배열,45g,1350,"블루투스, 전용동글(리시버)",한/영 정각,단색 백라이트
마이크로닉스 워프 WK4 마닉축 RGB 텐키리스 게이밍 기계식키보드,마이크로닉스,29500,https://img.danuri.io/catalog-image/209/335/016/c379dcfd1eba4fb5be7a1ac37cdf3272.jpg,기계식,유선,텐키리스,60g,944,유선,레이저각인 키캡,RGB 백라이트
COX CF75 유무선 기계식 블루레몬젤리,COX,86000,https://img.danuri.io/catalog-image/060/609/089/f33340041c364532ad2f048090436231.jpg,기계식,유선+무선,미니,42g,1600,"전용동글(리시버), 블루투스",영문 정각,RGB 백라이트
COX CK480 교체축 게이밍 기계식 그레이&핑크,COX,21000,https://img.danuri.io/catalog-image/524/113/091/6766ff6813094d2b8f198e3d7d8b1322.jpg,기계식,유선,텐키리스,45g,500,유선,한/영 정각,RGB 백라이트
COX C108 유무선 기계식 화이트 그레이,COX,49900,https://img.danuri.io/catalog-image/090/556/079/ede9179654054d4f9a8d4cf78366cc34.jpg,기계식,유선+무선,풀배열,40g,945,"전용동글(리시버), 블루투스",한/영 정각,RGB 백라이트
COX XM108,COX,21900,https://img.danuri.io/catalog-image/927/124/103/d58bebe17f37433ab9776f53df390b63.jpg,멤브레인,유선,풀배열,45g,711,유선,한/영 정각,RGB 백라이트
COX CK580 교체축 게이밍 기계식 화이트,COX,28900,https://img.danuri.io/catalog-image/371/113/091/f7a27b6ad8674abca83c0024d4116687.jpg,기계식,유선,풀배열,45g,500,유선,한/영 정각,RGB 백라이트
마이크로닉스 워프 WK2 마닉축 RGB 게이밍 기계식키보드,마이크로닉스,29900,https://img.danuri.io/catalog-image/441/331/016/6be9b30590784cd6ae1a6e886b7ecb61.jpg,기계식,유선,풀배열,60g,1184,유선,레이저각인 키캡,RGB 백라이트
마이크로닉스 워프 WK3 마닉축 블루투스 RGB 텐키리스 게이밍 기계식키보드,마이크로닉스,186190,https://img.danuri.io/catalog-image/011/332/016/7e968251480c474c9e7783b08f4ea29a.jpg,기계식,유선+무선,텐키리스,60g,817,"전용동글(리시버), 블루투스",레이저각인 키캡,RGB 백라이트
COX CK580 교체축 게이밍 기계식 그레이&핑크,COX,28900,https://img.danuri.io/catalog-image/356/113/091/0865c5fbbb5e4235bf36df489e818e95.jpg,기계식,유선,풀배열,45g,500,유선,한/영 정각,RGB 백라이트
앱코 AG75 가스켓 마운트 기계식 로즈 핑크,앱코,33900,https://img.danuri.io/catalog-image/182/717/018/6718118263314e698dd8ab5d303b31ed.jpg,기계식,유선,미니,40g,1020,유선,한/영 정각,RGB 백라이트
마이크로닉스 WARP WK-1 마닉축 RGB 게이밍 기계식키보드화이트,마이크로닉스,84000,https://img.danuri.io/catalog-image/373/761/014/219e8bd8166e48eeb120b5f6edd9b655.jpg,기계식,유선,풀배열,50g,1135,유선,레이저각인 키캡,레인보우 백라이트
글로리어스 GMMK3 PRO HE 65%,글로리어스,359000,https://img.danuri.io/catalog-image/544/466/069/8a79b5f2b40a4e139e67f149cf073024.jpg,무접점 자석축,유선,미니,35g,1450,유선,영문 정각,RGB 백라이트
앱코 AK99 유무선 기계식 핑크,앱코,58000,https://img.danuri.io/catalog-image/662/787/068/da861466515c430db1cc4973ecbf69b2.jpg,기계식,유선+무선,99키,40g,989,"전용동글(리시버), 블루투스",한/영 정각,RGB 백라이트
앱코 AN04F PBT 특주축 게이밍 기계식키보드,앱코,29900,https://img.danuri.io/catalog-image/124/091/018/648b0c010e7c4efb8e089a63faa05b8b.jpg,기계식,유선,풀배열,60g,812,유선,한/영 정각,없음
앱코 AG75W 가스켓 마운트 유무선 블루투스 기계식 퍼플 블루,앱코,43900,https://img.danuri.io/catalog-image/112/103/039/832593faa8ce4d4ab7ee6a3c17e978e7.jpg,기계식,유선+무선,미니,45g,1020,"전용동글(리시버), 블루투스",한/영 정각,RGB 백라이트
COX 피네스 66키 아크릴 RGB 게이트론 퀵스왑키보드,COX,30500,https://img.danuri.io/catalog-image/293/420/010/491d253ec83c4ce7b67e0912228f6a6a.jpg,기계식,유선,미니,55g,580,유선,레이저각인 키캡,RGB 백라이트
앱코 KN35BT TKL DRT 8K 염료승화 블루투스 유무선 무접점,앱코,99000,https://img.danuri.io/catalog-image/247/059/056/8f6826616d4c4912a8630131c63e845c.jpg,무접점,유선+무선,텐키리스,45g,900,블루투스,한/영 정각,없음
COX CX108G PBT 가스켓 마운트 게이밍 기계식키보드,COX,42900,https://img.danuri.io/catalog-image/763/310/018/b2169b9333554fea9399e74aff200208.jpg,기계식,유선,풀배열,45g,1220,유선,한/영 정각,단색 백라이트
앱코 KN20C 삼색사출 PBT 무접점,앱코,77520,https://img.danuri.io/catalog-image/514/645/019/e63c896f933e435dbbf6e84c750736fb.jpg,무접점,유선,풀배열,45g,1060,유선,한/영 정각,RGB 백라이트
COX 엠프리스 오리지널 레트로 PBT 무접점,COX,105000,https://img.danuri.io/catalog-image/531/191/018/a634148463a94ee08684e5d0541a907e.jpg,무접점,유선,풀배열,35g,1300,유선,한/영 정각,없음
COX CK01 TKL PBT 기계식키보드,COX,29900,https://img.danuri.io/catalog-image/789/393/014/cbe03197e1974f5cb139dab13c794d94.jpg,기계식,유선,텐키리스,45g,700,유선,한/영 정각,없음
마이크로닉스 WARP WK-1 마닉축 RGB 게이밍 기계식키보드블랙,마이크로닉스,40500,https://img.danuri.io/catalog-image/178/761/014/dba0104f54bb476cb437d864a3fa02f8.jpg,기계식,유선,풀배열,50g,1135,유선,레이저각인 키캡,레인보우 백라이트
COX CK01SL TKL PBT 45GF 기계식,COX,29900,https://img.danuri.io/catalog-image/878/439/020/a5a7d2c52be84f779e4094e0ee532465.jpg,기계식,유선,텐키리스,45g,690,유선,한/영 정각,없음
앱코 K840 사각 레트로 축교환 기계식 블랙,앱코,45000,https://img.danuri.io/catalog-image/857/825/015/c2d4ebe796514c8aa8f72f73df9e72e6.jpg,기계식,유선,풀배열,45g,870,유선,한/영 정각,레인보우 백라이트
COX CK01 SAHARA HUANO 퀵스압 게이밍 기계식,COX,31550,https://img.danuri.io/catalog-image/948/862/028/06270376cab94c738e576ccb0eb9c63f.jpg,기계식,유선,풀배열,60g,850,유선,정보없음,사이드 RGB LED 닫기
AULA AU75 유무선 기계식,AULA,89000,https://img.danuri.io/catalog-image/492/983/072/23ee441af2d74779adea835d1c2a2e51.jpg,기계식,유선+무선,미니,43g,977,"전용동글(리시버), 블루투스",한/영 정각,RGB 백라이트
앱코 K1924 RETRO GTMX NON-LED 게이밍 기계식,앱코,42400,https://img.danuri.io/catalog-image/715/450/028/4664aa290fc54ce8a097c114dfc384eb.jpg,기계식,유선,풀배열,45g,1260,유선,한/영 정각,없음
앱코 AN94BT 무선 블루투스 기계식 레몬바스켓,앱코,29900,https://img.danuri.io/catalog-image/512/769/035/6f258537043c409ea3e8450bbbed0cba.jpg,기계식,유선+무선,94키,45g,730,"전용동글(리시버), 블루투스",한/영 정각,없음
1stPlayer NEO87 유무선 기계식,1stPlayer,65000,https://img.danuri.io/catalog-image/306/357/092/b9dfe14bcb024eeeb9006793dc876f53.jpg,기계식,유선+무선,텐키리스,45g,965,"전용동글(리시버), 블루투스",한/영 정각,RGB 백라이트
COX CK20th Century 멤브레인,COX,16500,https://img.danuri.io/catalog-image/863/191/028/8443d4020a954ad6b7f63f37d4aa601b.jpg,멤브레인,유선,풀배열,0g,760,유선,레이저각인 키캡,없음
COX CK01SL PBT 45GF,COX,38000,https://img.danuri.io/catalog-image/175/456/019/fc5cd87c9b404014bac6333541982db8.jpg,기계식,유선,풀배열,45g,820,유선,한/영 정각,없음
COX CS87 유무선 기계식,COX,58900,https://img.danuri.io/catalog-image/035/711/096/10f7c47d263d43c49910c40cd5a4f58b.jpg,기계식,유선+무선,텐키리스,43g,950,"블루투스, 전용동글(리시버)",한/영 정각,RGB 백라이트
COX CQ8K108 유무선 기계식 에버그린,COX,79000,https://img.danuri.io/catalog-image/544/410/098/5c07d0f2804b44799b0cc003e3c20568.jpg,기계식,유선,풀배열,50g,1140,"전용동글(리시버), 블루투스",한/영 정각,RGB 백라이트
앱코 AR61D 풀 알루미늄 유무선 기계식,앱코,134370,https://img.danuri.io/catalog-image/248/474/018/1b242fbd0bf44d42aac73d61ced73843.jpg,기계식,유선+무선,미니,45g,1700,"전용동글(리시버), 블루투스",한/영 정각,RGB 백라이트
COX CPL108 핑거 프로텍터 3모드 기계식 더스티 베이지,COX,64900,https://img.danuri.io/catalog-image/277/355/102/789abd4589a5436fb6a1dfdb93170951.jpg,기계식,유선+무선,풀배열,45g,1250,"블루투스, 전용동글(리시버)",한/영 정각,RGB 백라이트
COX CM87KDW 3모드 조약돌,COX,26900,https://img.danuri.io/catalog-image/773/721/101/e3525a7c4df94f8c81d41f872a944c5b.jpg,멤브레인,유선+무선,텐키리스,45g,640,"전용동글(리시버), 블루투스",한/영 정각,RGB 백라이트
발키리 VK-87 MERLIN 유무선 기계식,발키리,64990,https://img.danuri.io/catalog-image/406/061/072/18d330fb40704b47b264016f2fc9c7ca.jpg,기계식,유선+무선,텐키리스,45g,839,"전용동글(리시버), 블루투스",한/영 정각,RGB 백라이트
COX 엔데버 오리지널 레트로 PBT 무접점 텐키리스,COX,133000,https://img.danuri.io/catalog-image/786/191/018/1c9eb567566948db94ad922d0078cbe9.jpg,무접점,유선,텐키리스,50g,1100,유선,한/영 정각,없음
COX CK87 PBT SUNSHINE GD 기계식,COX,39900,https://img.danuri.io/catalog-image/609/438/020/25e0232c41e34848ba620a2ad5d7e706.jpg,기계식,유선,텐키리스,50g,980,유선,한/영 정각,단색 백라이트
앱코 K640T SLIM 축교환 무빙LED 텐키리스 기계식 블랙,앱코,69800,https://img.danuri.io/catalog-image/517/363/013/7ed923721e5c4fc8b221bc89fb880849.jpg,기계식,유선,텐키리스,45g,572,유선,정보없음,레인보우 백라이트
COX CM87KD 조약돌,COX,20700,https://img.danuri.io/catalog-image/719/721/101/044d75b8833c45e485fbae301fa86774.jpg,멤브레인,유선,텐키리스,45g,640,유선,한/영 정각,RGB 백라이트
MOUNTAIN EVEREST MAX 그레이,MOUNTAIN,495000,https://img.danuri.io/catalog-image/478/848/017/3841c3bd8b8d4ee9b896210a3b3b190e.jpg,기계식,유선,풀배열,45g,1373,유선,영문 정각,RGB 백라이트
COX CF75 유무선 기계식 핑크소다젤리,COX,86000,https://img.danuri.io/catalog-image/069/609/089/1e937f94b6c84128a1cebcf88cb662e5.jpg,기계식,유선+무선,미니,42g,1600,"전용동글(리시버), 블루투스",영문 정각,RGB 백라이트
앱코 KN10C PBT 무접점키보드,앱코,79000,https://img.danuri.io/catalog-image/802/229/015/0ccff54ab988434cb16a9c9d19bb4d85.jpg,무접점,유선,풀배열,45g,983,유선,한/영 정각,RGB 백라이트
COX CF87 유무선 기계식 네온 메카 바이올렛,COX,96000,https://img.danuri.io/catalog-image/964/976/096/3790d926865245c6965514d1b347de64.jpg,기계식,유선+무선,텐키리스,42g,1850,"전용동글(리시버), 블루투스",한/영 정각,RGB 백라이트
darkFlash DF98 유무선 기계식,darkFlash,51890,https://img.danuri.io/catalog-image/522/326/054/b9374f3d7c4e434ea4a9911a525ae4bc.jpg,기계식,유선+무선,98키,45g,1113,"전용동글(리시버), 블루투스",한/영 정각,없음
발키리 VK-99 유무선 기계식 한글,발키리,68990,https://img.danuri.io/catalog-image/558/154/070/203dd2d49c5d437e85050813424df68f.jpg,기계식,유선+무선,102키,45g,1060,"전용동글(리시버), 블루투스",한/영 정각,RGB 백라이트
CORSAIR DROP CSTM80 기계식,CORSAIR,191500,https://img.danuri.io/catalog-image/051/216/071/192c23cb2e2c4d7786e6fa6b06ecb232.jpg,기계식,유선,텐키리스,50g,1260,유선,정보없음,RGB 백라이트
COX CFL101 3모드 CMMK 특주축 유무선 기계식,COX,49000,https://img.danuri.io/catalog-image/718/965/092/2f2c4f78ef78498bb17170ef9ef2f431.jpg,기계식,유선+무선,101키,45g,1250,"전용동글(리시버), 블루투스",한/영 정각,RGB 백라이트
앱코 AK87 3모드 OTEMU 특주축 유무선 기계식 올리비아,앱코,59000,https://img.danuri.io/catalog-image/496/821/074/44c06ce3ff0748d8ad8b2cef9ce05ce7.jpg,기계식,유선+무선,텐키리스,40g,1024,"전용동글(리시버), 블루투스",한/영 정각,RGB 백라이트
앱코 KN01C 텐키리스 PBT 무접점키보드블루,앱코,143000,https://img.danuri.io/catalog-image/645/230/015/ad4b7563565b4f15b6b8b79962e2f33d.jpg,무접점,유선,텐키리스,30g,790,유선,한/영 정각,RGB 백라이트
마이크로닉스 WIZMAX W101P V2 4세대 광축 완전방수 PBT,마이크로닉스,67000,https://img.danuri.io/catalog-image/167/999/045/7a3760e6d74a4a1fadffff4c3d9c4736.jpg,무접점 광축,유선,풀배열,55g,1059,유선,한/영 정각,단색 백라이트
발키리 VK-87 MIST 유무선 기계식,발키리,65000,https://img.danuri.io/catalog-image/663/969/092/85cecf2bffb44a1c9e23ddfd819fef70.jpg,기계식,유선+무선,텐키리스,40g,839,"전용동글(리시버), 블루투스",한/영 정각,RGB 백라이트
COX CSK105 VIA 실리콘 사운드 뎀퍼 유무선 기계식 핑크,COX,230000,https://img.danuri.io/catalog-image/077/604/089/f246d9cd538b4631ac1956912f1faeb3.jpg,기계식,유선+무선,풀배열,40g,1200,"전용동글(리시버), 블루투스",한/영 정각,RGB 백라이트
COX CK80 유무선 기계식,COX,61000,https://img.danuri.io/catalog-image/943/302/065/28f07d429c234e42b4f5675f65ac478e.jpg,기계식,유선+무선,미니,47g,797,"전용동글(리시버), 블루투스",한/영 정각,RGB 백라이트
CHERRY MX BOARD 2.0S MX2A 화이트,CHERRY,84000,https://img.danuri.io/catalog-image/891/154/052/d2c84aba1eca408a827c6499f796c5cc.jpg,기계식,유선,풀배열,45g,758,유선,레이저각인 키캡,없음
COX CK87 SLIM LP PBT 화이트,COX,79000,https://img.danuri.io/catalog-image/560/466/017/1ba1c22965de4d79b234bbeb547c640b.jpg,기계식,유선,텐키리스,40g,760,유선,한/영 정각,단색 백라이트
앱코 HACKER KN01 텐키리스 PBT RGB 무접점 블랙,앱코,224700,https://img.danuri.io/catalog-image/771/833/011/85d0020d4da0457088131fe3349a8eb6.jpg,무접점,유선,텐키리스,45g,790,유선,정보없음,RGB 백라이트
앱코 AK99 유무선 기계식 그린,앱코,58000,https://img.danuri.io/catalog-image/626/787/068/dcc0173ec41b476ab5953664e5cd6da3.jpg,기계식,유선+무선,99키,40g,989,"전용동글(리시버), 블루투스",한/영 정각,RGB 백라이트
FL-ESPORTS OG87 유무선 핫스왑 풀윤활 기계식 그레이 한글,FL-ESPORTS,149000,https://img.danuri.io/catalog-image/386/708/036/14fa717b31b044f5b3e04cdaaac8c3dd.jpg,기계식,유선+무선,텐키리스,45g,1106,"전용동글(리시버), 블루투스",한/영 정각,RGB 백라이트
앱코 AKT95 아크 PBT키캡 카일광축 완전방수 컴팩트 게이밍 기계식,앱코,75000,https://img.danuri.io/catalog-image/877/857/029/50b2a2ee1e4c4cada6070bb519153107.jpg,무접점 광축,유선,95키,50g,1136,유선,한/영 정각,레인보우 백라이트
VARMILO MA108M Lovebirds I PBT 염료승화 영문,VARMILO,369500,https://img.danuri.io/catalog-image/848/350/013/0bbb116e667b491980c72e86e6244bb4.jpg,무접점,유선,풀배열,45g,1280,유선,영문 정각,단색 백라이트
LEOBOG Hi8SE 유무선 기계식 카키 블랙,LEOBOG,99000,https://img.danuri.io/catalog-image/555/312/077/37a5bea642a54d1bbc40be4540b78d6b.jpg,기계식,유선+무선,미니,40g,1600,전용동글(리시버),한/영 정각,RGB 백라이트
FL-ESPORTS CMK75 유무선 LCD 핫스왑 풀윤활 기계식 화이트 그레이 한글,FL-ESPORTS,101000,https://img.danuri.io/catalog-image/064/196/030/0d72728df3394e98b2ed50b442ab44d7.jpg,기계식,유선+무선,미니,45g,1200,"전용동글(리시버), 블루투스",한/영 정각,RGB 백라이트
COX CQ8K108 유무선 기계식 소프트 라일락,COX,79000,https://img.danuri.io/catalog-image/553/410/098/45a86bf94a4742aaa3d7593486af43b6.jpg,기계식,유선,풀배열,50g,1140,"전용동글(리시버), 블루투스",한/영 정각,RGB 백라이트
COX CSK105 VIA 실리콘 사운드 뎀퍼 유무선 기계식 그린,COX,59000,https://img.danuri.io/catalog-image/053/604/089/415e34dce83043b0aa28bbb481979641.jpg,기계식,유선+무선,풀배열,45g,1200,"전용동글(리시버), 블루투스",한/영 정각,RGB 백라이트
앱코 K480 교체축 게이밍 기계식 스카이,앱코,55660,https://img.danuri.io/catalog-image/554/706/077/da4a3b8b7dff4ac2a44b2eef1e9144fe.jpg,기계식,유선,텐키리스,45g,604,유선,한/영 정각,RGB 백라이트
COX CA75 3모드 CNC 알루미늄 유무선 기계식 블루,COX,49000,https://img.danuri.io/catalog-image/778/951/073/90ff7751a5204abb9389d7f5ddb13806.jpg,기계식,유선+무선,미니,50g,1378,"전용동글(리시버), 블루투스",영문 정각,RGB 백라이트
COX CMF104 8K 무접점 다람쥐,COX,86000,https://img.danuri.io/catalog-image/411/508/076/047ef3a49568456a94cca0a54bc99509.jpg,무접점,유선,풀배열,45g,1157,유선,한/영 정각,없음
앱코 K580 교체축 게이밍 기계식 젠틀맨,앱코,53100,https://img.danuri.io/catalog-image/968/436/068/783ddb9d786b47f8bba0d59a80b717cf.jpg,기계식,유선,풀배열,45g,500,유선,한/영 정각,레인보우 백라이트
발키리 VK-99 유무선 기계식 영문,발키리,69000,https://img.danuri.io/catalog-image/326/812/058/f02c7e7f1c97412799acc6969140c387.jpg,기계식,유선+무선,102키,45g,1060,"전용동글(리시버), 블루투스",영문 정각,RGB 백라이트
앱코 AG75 가스켓 마운트 기계식 퍼플 블루,앱코,33900,https://img.danuri.io/catalog-image/227/717/018/9c722a23404a4322938d4823ca411caf.jpg,기계식,유선,미니,45g,1020,유선,한/영 정각,RGB 백라이트
앱코 K840 사각 레트로 축교환 기계식 화이트,앱코,92480,https://img.danuri.io/catalog-image/893/825/015/92741b874fd246e5b0868d21e15a54f8.jpg,기계식,유선,풀배열,45g,870,유선,한/영 정각,단색 백라이트
앱코 AK81BT 3MODE 유무선 기계식 루왁 커피,앱코,92050,https://img.danuri.io/catalog-image/224/337/074/6ea59b629391471c9c96c9efe3c37d2a.jpg,기계식,유선+무선,미니,45g,866,"전용동글(리시버), 블루투스",영문 정각,RGB 백라이트
COX CF87 유무선 기계식 말차크림티,COX,96000,https://img.danuri.io/catalog-image/973/976/096/90adce595fa14ea89f5a050959e16c9b.jpg,기계식,유선+무선,텐키리스,42g,1850,"블루투스, 전용동글(리시버)",한/영 정각,RGB 백라이트
앱코 AK94BT 유무선 기계식 피치,앱코,80000,https://img.danuri.io/catalog-image/063/529/070/86f827c0b9f04061b85bea651760bfac.jpg,기계식,유선+무선,94키,40g,965,"전용동글(리시버), 블루투스",한/영 정각,RGB 백라이트
VARMILO MA87M Lovebirds I PBT 염료승화 영문,VARMILO,389000,https://img.danuri.io/catalog-image/356/350/013/15ce0b0cea9e4c6988f57ab204eca375.jpg,무접점,유선,텐키리스,55g,950,유선,영문 정각,단색 백라이트
CORSAIR K60 RGB PRO LP,CORSAIR,189000,https://img.danuri.io/catalog-image/857/669/012/d19f2f5ef87241d8b626424107bab8e2.jpg,기계식,유선,풀배열,45g,820,유선,정보없음,RGB 백라이트
NZXT FUNCTION,NZXT,69000,https://img.danuri.io/catalog-image/618/601/016/cd83bd2ee01e407f9ec93e4cecfe4f3e.jpg,기계식,유선,풀배열,45g,910,유선,영문 정각,RGB 백라이트
마이크로닉스 MECHA ZK-1 RGB 게이밍 기계식키보드,마이크로닉스,69000,https://img.danuri.io/catalog-image/970/761/014/a4f1584f1dfe4ad78fc186b47f9e02d2.jpg,기계식,유선,풀배열,45g,1056,유선,레이저각인 키캡,레인보우 백라이트
마이크로닉스 MANIC K1400 유선키보드,마이크로닉스,38360,https://img.danuri.io/catalog-image/080/611/013/9e18d7f5d99a4c6f87119a74991a177b.jpg,멤브레인,유선,풀배열,0g,583,유선,한/영 정각,없음
마이크로닉스 EX580 크리스탈 파스텔 광축,마이크로닉스,62500,https://img.danuri.io/catalog-image/430/464/032/2af6e3424a494065aa41ed91c8306a27.jpg,무접점 광축,유선,풀배열,55g,1020,유선,한/영 정각,레인보우 백라이트
앱코 K660S V2 카일 광축 V2 게이밍 핑크,앱코,66000,https://img.danuri.io/catalog-image/628/991/075/4225a8ca993645b49d1f73d4d21dc884.jpg,무접점 광축,유선,풀배열,40g,1240,유선,한/영 정각,레인보우 백라이트
글로리어스 GMMK3 PRO HE 75%,글로리어스,449000,https://img.danuri.io/catalog-image/878/368/067/7d9935fe762f4628ba21f59f343cee3d.jpg,무접점 자석축,유선,미니,35g,1800,유선,영문 정각,RGB 백라이트
darkFlash DFS99 유무선 기계식,darkFlash,71900,https://img.danuri.io/catalog-image/243/639/062/06071fa7630a4c1d955c362341ac5ca9.jpg,기계식,유선+무선,95키,42g,746,"전용동글(리시버), 블루투스",한/영 정각,RGB 백라이트
앱코 K660S V2 카일 광축 V2 게이밍 옐로우,앱코,66000,https://img.danuri.io/catalog-image/643/991/075/51cf4cfbb9924dbfb335f0dc91dfbf46.jpg,무접점 광축,유선,풀배열,40g,1240,유선,한/영 정각,레인보우 백라이트
COX CK88 유무선 기계식 민트화이트,COX,83000,https://img.danuri.io/catalog-image/902/787/068/76f295e2b9fb4435a5c17cea8938029d.jpg,기계식,유선+무선,텐키리스,43g,1410,"전용동글(리시버), 블루투스",영문 정각,레인보우 백라이트
앱코 AS87 오피스네비게이터 유무선 기계식,앱코,89000,https://img.danuri.io/catalog-image/588/887/090/8a5eac03613148b4a3f64511f1137808.jpg,기계식,유선+무선,텐키리스,45g,950,"전용동글(리시버), 블루투스",한/영 정각,RGB 백라이트
앱코 AG75W 가스켓 마운트 유무선 블루투스 기계식 로즈 핑크,앱코,43900,https://img.danuri.io/catalog-image/998/102/039/7cb70b1ebed848658681b64243409ddb.jpg,기계식,유선+무선,미니,40g,1020,"전용동글(리시버), 블루투스",한/영 정각,RGB 백라이트
VARMILO VA87M MONOGRAY PBT 염료승화 한글,VARMILO,269900,https://img.danuri.io/catalog-image/534/137/012/315453aa002e43c697fd35991dbe280f.jpg,기계식,유선,텐키리스,45g,950,유선,정보없음,단색 백라이트
COX C87 유무선 기계식 화이트 퍼플,COX,49900,https://img.danuri.io/catalog-image/720/062/081/6aa4c2559f734d778c3e7de0b284c5a7.jpg,기계식,유선+무선,텐키리스,40g,862,"전용동글(리시버), 블루투스",한/영 정각,RGB 백라이트
CORSAIR K65 PRO MINI OPX 게이밍,CORSAIR,168990,https://img.danuri.io/catalog-image/336/566/021/f767628b3aa94325b934bc0b6bc4da1d.jpg,무접점 광축,유선,미니,45g,600,유선,한/영 정각,RGB 백라이트
CORSAIR K60 RGB PRO,CORSAIR,112000,https://img.danuri.io/catalog-image/515/618/012/bb390e3e4ca34f2ebe48995e3e2331a3.jpg,기계식,유선,풀배열,45g,880,유선,정보없음,RGB 백라이트
Razer Ornata V3 TKL Blackpink edition,Razer,179000,https://img.danuri.io/catalog-image/078/645/122/836961c88e944addbeda55ac29745712.jpeg,멤브레인,유선,텐키리스,0g,644,유선,영문 정각,RGB 백라이트
마이크로닉스 MANIC X240 LED 게이밍 기계식키보드,마이크로닉스,32900,https://img.danuri.io/catalog-image/071/263/013/c8e541f3d41d47bba7a9ed8e1d980fae.jpg,기계식,유선,풀배열,45g,850,유선,정보없음,레인보우 백라이트
마이크로닉스 CPK-1 큰글씨 한글키보드,마이크로닉스,60000,https://img.danuri.io/catalog-image/392/748/011/c3497e04a8ac40d5be0b79006e9f21d2.jpg,멤브레인,유선,풀배열,0g,725,유선,한/영 정각,없음
앱코 AS104 오피스네비게이터 유무선 기계식 핑크그레이,앱코,99000,https://img.danuri.io/catalog-image/035/560/091/8c5aa4c2a4894bee8774fefea61ee2ea.jpg,기계식,유선+무선,풀배열,45g,1163,"전용동글(리시버), 블루투스",한/영 정각,RGB 백라이트
VARMILO MINILO 75 유무선 기계식 유칼리투스 영문,VARMILO,198000,https://img.danuri.io/catalog-image/775/821/029/ff308666f0ce4b0393e5f3384e6590b3.jpg,기계식,유선+무선,미니,45g,1510,"블루투스, 전용동글(리시버)",영문 정각,RGB 백라이트
COX CM105KD 조약돌,COX,22900,https://img.danuri.io/catalog-image/821/721/101/bc692f34a9174a33925ece65b1be56e7.jpg,멤브레인,유선,풀배열,45g,780,유선,한/영 정각,RGB 백라이트
앱코 AK998 8K OTEMU 특주축 기계식 스카이 블루,앱코,58000,https://img.danuri.io/catalog-image/483/336/074/48a2f927e9e640f0b8b4476b007e46ee.jpg,기계식,유선,99키,40g,852,유선,한/영 정각,RGB 백라이트
CORSAIR K100 RGB MX SPEED 한글,CORSAIR,342000,https://img.danuri.io/catalog-image/214/799/012/260c26840dd74139b44427896e5fc071.jpg,기계식,유선,풀배열,45g,1350,유선,영문 정각,RGB 백라이트
FL-ESPORTS CMK75 유무선 LCD 핫스왑 풀윤활 기계식 차콜 그레이 한글,FL-ESPORTS,101000,https://img.danuri.io/catalog-image/770/195/030/f70200b151bf4d30a02d8982db975b05.jpg,기계식,유선+무선,미니,45g,1200,"전용동글(리시버), 블루투스",한/영 정각,RGB 백라이트
앱코 AK94BT 유무선 기계식 스카이블루,앱코,80000,https://img.danuri.io/catalog-image/096/529/070/698fcd2358bb40fcad92af2a4c026c2d.jpg,기계식,유선+무선,94키,40g,965,"전용동글(리시버), 블루투스",한/영 정각,RGB 백라이트
앱코 AK87 3모드 OTEMU 특주축 유무선 기계식 블랙,앱코,65000,https://img.danuri.io/catalog-image/761/829/074/0390045943b84141adc115deb0e8559e.jpg,기계식,유선+무선,텐키리스,40g,1024,"전용동글(리시버), 블루투스",한/영 정각,RGB 백라이트
앱코 AK108 3모드 OTEMU 특주축 유무선 기계식 그린,앱코,69000,https://img.danuri.io/catalog-image/512/015/093/14cff49c0c26454b9ff1298c7f6203cf.jpg,기계식,유선+무선,풀배열,40g,1117,"전용동글(리시버), 블루투스",한/영 정각,RGB 백라이트
Razer Ornata V3 TKL Kuromi Edition,Razer,126000,https://img.danuri.io/catalog-image/246/790/076/178eab92f26e4e348991d0cde3d478d6.jpg,멤브레인,유선,텐키리스,0g,644,유선,영문 정각,RGB 백라이트
앱코 AG75W 가스켓 마운트 유무선 블루투스 기계식 쿨 민트,앱코,43900,https://img.danuri.io/catalog-image/130/103/039/0caf04537bfb46e880283550c96e5d65.jpg,기계식,유선+무선,미니,40g,1020,"전용동글(리시버), 블루투스",한/영 정각,RGB 백라이트
앱코 KN02C 삼색사출 PBT 텐키리스 무접점,앱코,89000,https://img.danuri.io/catalog-image/700/645/019/c79fd66319414177a2a29db336e236c5.jpg,무접점,유선,텐키리스,45g,900,유선,한/영 정각,RGB 백라이트
앱코 AN02 다크그레이 RGB BAR 축교환 기계식키보드,앱코,51890,https://img.danuri.io/catalog-image/757/650/014/1127d28fd377433ab56118191fe2c3ad.jpg,기계식,유선,풀배열,50g,830,유선,한/영 정각,레인보우 백라이트
CORSAIR DROP 반지의 제왕 기계식,CORSAIR,240800,https://img.danuri.io/catalog-image/165/656/069/865bcff6912e49b2b2957d3087754c06.jpg,기계식,유선,텐키리스,50g,930,유선,영문 정각,단색 백라이트
앱코 K660M-L68 무선 블루투스 기계식 미니키보드,앱코,119900,https://img.danuri.io/catalog-image/152/346/017/5d2bb1c680894393a87cb043997765ad.jpg,기계식,유선+무선,미니,45g,688,"전용동글(리시버), 블루투스",한/영 정각,RGB 백라이트
darkFlash DG104,darkFlash,17990,https://img.danuri.io/catalog-image/082/319/093/43eddda83df044ee83cff5f5eea729ba.jpg,멤브레인,유선,풀배열,0g,595,유선,한/영 정각,레인보우 백라이트
MOUNTAIN EVEREST CORE,MOUNTAIN,234000,https://img.danuri.io/catalog-image/339/420/017/3c2388b7f50e4a1d9fad1b42655b3427.jpg,기계식,유선,텐키리스,60g,892,유선,영문 정각,RGB 백라이트
Razer BlackWidow V4 75% 기계식 Phantom Green,Razer,269000,https://img.danuri.io/catalog-image/686/076/098/79aa37c5f3024a228e5a82be4a36378d.jpg,기계식,유선,미니,50g,815,유선,정보없음,RGB 백라이트
글로리어스 GMMK2 65% Prebuilt 기계식키보드,글로리어스,169000,https://img.danuri.io/catalog-image/996/180/017/2dfb30dd06e843c18cf3f2f981a929ea.jpg,기계식,유선,미니,45g,880,유선,영문 정각,RGB 백라이트
마이크로닉스 MANIC EX580 광축 크리스탈 게이밍키보드,마이크로닉스,66370,https://img.danuri.io/catalog-image/783/386/015/60f4df42715f445da54eccedd0cb5c66.jpg,무접점 광축,유선,풀배열,55g,1020,유선,한/영 정각,레인보우 백라이트
COX CK01V V광축 완전방수 사이드 RGB 게이밍키보드,COX,54900,https://img.danuri.io/catalog-image/022/180/016/8c069d6bbc564597822196f0a0b2d062.jpg,무접점 광축,유선,풀배열,50g,864,유선,한/영 정각,단색 백라이트
CORSAIR K100 RGB MX SPEED 영문,CORSAIR,342000,https://img.danuri.io/catalog-image/839/402/012/ffa74f7aa4db40c38b40637d11cacad3.jpg,기계식,유선,풀배열,45g,1350,유선,영문 정각,RGB 백라이트
Razer Ornata V3 TKL Hello Kitty and Friends edition,Razer,130150,https://img.danuri.io/catalog-image/539/436/068/9df9f30b9e57482b8e1119c872c5ed25.jpg,멤브레인,유선,텐키리스,0g,644,유선,영문 정각,RGB 백라이트
쿨러마스터 CK570 Street Fighter 6 Chun-Li 기계식,쿨러마스터,97280,https://img.danuri.io/catalog-image/362/059/028/6bc33ac9cce3463eb7f0ceb1abaafed1.jpg,기계식,유선,98키,45g,956,유선,영문 정각,RGB 백라이트
COX CK01 PBT 마이애미 나이트 에디션 게이밍 기계식,COX,29900,https://img.danuri.io/catalog-image/505/625/018/376668b1c40849258b4b5fa2d136b4de.jpg,기계식,유선,풀배열,50g,820,유선,한/영 정각,없음
한성컴퓨터 TFG Cloud Max CF 염료승화 유무선 기계식 멀티파스텔,한성컴퓨터,98990,https://img.danuri.io/catalog-image/406/348/091/f78c1ff39ba44c2eb76d5903ad736a27.jpg,기계식,유선+무선,풀배열,45g,1165,"전용동글(리시버), 블루투스",한/영 정각,RGB 백라이트
Keydous NJ80-AP 유무선 핫스왑 풀윤활 기계식 차콜블랙,Keydous,69000,https://img.danuri.io/catalog-image/718/299/020/a421b52f20ab44baaa89ac845424c44b.jpg,기계식,유선+무선,미니,40g,1000,"전용동글(리시버), 블루투스",한/영 정각,RGB 백라이트
갤럭시 갤라즈 GALAX EX-03 게이밍 기계식키보드,갤럭시,39300,https://img.danuri.io/catalog-image/799/297/016/1e3fc05356154087b647e5c6ae8ca39e.jpg,기계식 흑축,유선,풀배열,50g,680,유선,한/영 정각,레인보우 백라이트
LEOBOG HI75 기계식 블랙,LEOBOG,84550,https://img.danuri.io/catalog-image/813/457/055/f53356b802c541d48726abae1a0270aa.jpg,기계식,유선,미니,40g,1498,유선,한/영 정각,RGB 백라이트
앱코 AN05 아이스큐브 옵티컬 게이밍,앱코,99800,https://img.danuri.io/catalog-image/005/830/019/2ac5da0e27bf420c82bce7d5fff4f2e0.jpg,무접점 광축,유선,풀배열,50g,1160,유선,한/영 정각,레인보우 백라이트
VARMILO VA108M V2 SUMMIT R2 PBT 염료승화 영문,VARMILO,299000,https://img.danuri.io/catalog-image/562/894/016/43c3da9881e74bed861fc02f31877f52.jpg,기계식,유선,풀배열,45g,1300,유선,영문 정각,단색 백라이트
COX CKT87 RGB 반투광사출 기계식 텐키리스,COX,135000,https://img.danuri.io/catalog-image/165/455/018/080d7ef75fad4358bd96dd7e0d17bc26.jpg,기계식,유선,텐키리스,45g,860,유선,한/영 정각,RGB 백라이트
Ducky MECHA MINI RGB PBT 이중사출 한글,Ducky,119000,https://img.danuri.io/catalog-image/004/739/015/4a41479923464e7890caf6cf818b6993.jpg,기계식,유선,미니,45g,827,유선,한/영 정각,RGB 백라이트
Ducky One 2 SEAMLESS ROSA PBT 이중사출 한글,Ducky,89000,https://img.danuri.io/catalog-image/101/979/014/ed58f915370b43439cf5fb5493871125.jpg,기계식,유선,풀배열,45g,1100,유선,한/영 정각,없음
Ducky ONE 2 SEAMLESS TUXEDO PBT 이중사출 한글,Ducky,99000,https://img.danuri.io/catalog-image/253/586/012/f5db8d7d44f04053abd56ad3e110abf6.jpg,기계식,유선,풀배열,45g,1100,유선,한/영 정각,없음
앱코 AN03 옵티컬 게이밍,앱코,84870,https://img.danuri.io/catalog-image/013/775/018/b562598d0aea4e68af856bdeec05dd5c.jpg,무접점 광축,유선,풀배열,50g,1100,유선,한/영 정각,레인보우 백라이트
MadCatz S.T.R.I.K.E 6,MadCatz,64940,https://img.danuri.io/catalog-image/183/955/016/9da32a39193343fc9b5d3cfb7feacde9.jpg,기계식,유선,미니,60g,540,유선,영문 정각,RGB 백라이트
AULA F99 기계식 라이트 올리비아 한글,AULA,94900,https://img.danuri.io/catalog-image/358/466/063/eb72f5622aa14a339d1a98b31c1e4e22.jpg,기계식,유선,99키,40g,1183,유선,한/영 정각,RGB 백라이트
마이크로닉스 메카 ZK2 마닉축 RGB 게이밍 기계식키보드,마이크로닉스,94000,https://img.danuri.io/catalog-image/963/361/016/00fe90abf92d491d908484cb691efec1.jpg,기계식,유선,풀배열,60g,1087,유선,레이저각인 키캡,RGB 백라이트
글로리어스 GMMK3 HE 75%,글로리어스,274550,https://img.danuri.io/catalog-image/437/535/068/90da3d78c8ba4bd3b72c1ed869f54e56.jpg,무접점 자석축,유선,미니,35g,830,유선,영문 정각,RGB 백라이트
FL-ESPORTS CMK99 유무선 핫스왑 풀윤활 기계식 폴라 나이트 블랙 한글,FL-ESPORTS,79000,https://img.danuri.io/catalog-image/815/664/029/d0dcd66057014eb285fd4668cb1960df.jpg,기계식,유선+무선,99키,45g,1570,"전용동글(리시버), 블루투스",정보없음,RGB 백라이트
Ducky ONE 3 SF RGB DayBreak PBT 이중사출 한글,Ducky,189000,https://img.danuri.io/catalog-image/686/986/016/81eeb261c48e46f9b529988614840cd2.jpg,기계식,유선,미니,45g,700,유선,한/영 정각,RGB 백라이트
COX CK510 교체축 LED 게이밍 기계식키보드,COX,48040,https://img.danuri.io/catalog-image/645/889/016/eae85b5aa2bd48989d08a7b20e3e04f9.jpg,기계식,유선,풀배열,50g,725,유선,한/영 정각,단색 백라이트
앱코 HACKER K660M TKL 이색사출 PBT 체리키보드딥로얄,앱코,43700,https://img.danuri.io/catalog-image/855/446/015/e2d24103fc2447e1beec2c7edbf196f9.jpg,기계식,유선,텐키리스,45g,1010,유선,한/영 정각,없음
VARMILO MINILO 75 유무선 기계식 블루벨 영문,VARMILO,198000,https://img.danuri.io/catalog-image/796/821/029/c156c63cd09e48388a3c61eb266d8843.jpg,기계식,유선+무선,미니,37g,1510,"전용동글(리시버), 블루투스",영문 정각,RGB 백라이트
마이크로닉스 MANIC EX89 텐키리스PRO 게이밍기계식 RGB,마이크로닉스,49800,https://img.danuri.io/catalog-image/321/866/012/3ebe860c66fe4f2b93f5446a2f074730.jpg,기계식,유선,텐키리스,45g,866,유선,정보없음,RGB 백라이트
Ducky ONE 2 TKL SEAMLESS TUXEDO PBT 이중사출 한글,Ducky,99000,https://img.danuri.io/catalog-image/568/586/012/5e5824f08f864b18a814927110946601.jpg,기계식,유선,텐키리스,45g,800,유선,한/영 정각,없음
CORSAIR K60 PRO,CORSAIR,102760,https://img.danuri.io/catalog-image/380/618/012/c9fccb1cd7794ddf89de4b0ba5445b59.jpg,기계식,유선,풀배열,45g,880,유선,정보없음,단색 백라이트
발키리 VK-75 핑크레이디 유무선 기계식,발키리,63470,https://img.danuri.io/catalog-image/127/718/081/c55e79d9aa794d929e984e8c16902ae0.jpg,기계식,유선+무선,미니,45g,844,"전용동글(리시버), 블루투스",영문 정각,RGB 백라이트
NZXT FUNCTION MINITKL,NZXT,165790,https://img.danuri.io/catalog-image/146/614/016/e6618e6e2ee84576a76ccfc23f914e43.jpg,기계식,유선,미니,45g,718,유선,영문 정각,RGB 백라이트
Ducky DUCKY ONE 2 SF RGB PBT 이중사출 한글,Ducky,99000,https://img.danuri.io/catalog-image/237/560/012/b35bf7d3d57241039416acb0b5eeaa95.jpg,기계식,유선,미니,45g,635,유선,한/영 정각,RGB 백라이트
COX CK87 화이트 게이트론 LED 게이밍 기계식,COX,123870,https://img.danuri.io/catalog-image/101/339/010/3b2b95434088493da9a0500571ae2b5b.jpg,기계식,유선,텐키리스,50g,935,유선,한/영 정각,단색 백라이트
앱코 AMK94 3모드 LED 디스플레이 유무선,앱코,70000,https://img.danuri.io/catalog-image/026/096/078/7da718c319ef4f3fbe779796e502ed9a.jpg,멤브레인,유선+무선,94키,0g,825,"전용동글(리시버), 블루투스",한/영 정각,레인보우 백라이트
MOUNTAIN EVEREST 60,MOUNTAIN,183150,https://img.danuri.io/catalog-image/669/399/017/372f19175cd547f9b0f37e11897c5d9c.jpg,기계식,유선,미니,45g,768,유선,영문 정각,RGB 백라이트
COUGAR PURI TKL RGB,COUGAR,44900,https://img.danuri.io/catalog-image/985/639/013/85ea9c7cb60f446dac1f43c61e9d5104.jpg,기계식,유선,텐키리스,45g,1200,유선,한/영 정각,RGB 백라이트
글로리어스 GMBK 75%,글로리어스,72680,https://img.danuri.io/catalog-image/849/112/097/a9ffb6f21df64b61a2ee3c78322b7f80.jpg,멤브레인,유선,미니,0g,540,유선,영문 정각,레인보우 백라이트
VARMILO VA87M SUMMIT R2 PBT 염료승화 영문,VARMILO,299000,https://img.danuri.io/catalog-image/420/039/014/4e2ba1e1428943ea992c4fbd8c82324c.jpg,기계식,유선,텐키리스,45g,950,유선,영문 정각,단색 백라이트
COX CK87 레드/그레이 게이트론 LED 게이밍 기계식,COX,169900,https://img.danuri.io/catalog-image/003/939/007/375c4b3d0c67425d82021a0e7bdcdaa6.jpg,기계식,유선,텐키리스,50g,935,유선,한/영 정각,단색 백라이트
COX CK87 블랙 게이트론 LED 게이밍 기계식,COX,169900,https://img.danuri.io/catalog-image/502/938/007/37538e59e7d343e285ab92e3b98471ad.jpg,기계식,유선,텐키리스,60g,935,유선,한/영 정각,단색 백라이트
앱코 K140 슬림 멤브레인,앱코,19470,https://img.danuri.io/catalog-image/214/738/034/41388f062e4f46bf8450b84741c6c10b.jpg,멤브레인,유선,풀배열,0g,500,유선,레이저각인 키캡,없음
FL-ESPORTS CMK99 유무선 핫스왑 풀윤활 기계식 화이트 그레이 한글,FL-ESPORTS,79000,https://img.danuri.io/catalog-image/926/664/029/63020eb576ce4fb7b75a3d587037cc7a.jpg,기계식,유선+무선,99키,45g,1570,"전용동글(리시버), 블루투스",정보없음,RGB 백라이트
글로리어스 GMMK3 HE 65%,글로리어스,259470,https://img.danuri.io/catalog-image/998/368/067/3e158d87bd844b3482a86d91edb97236.jpg,무접점 자석축,유선,미니,35g,730,유선,영문 정각,RGB 백라이트
마이크로닉스 MORPH MK-1 마닉축 RGB 게이밍 기계식키보드,마이크로닉스,89000,https://img.danuri.io/catalog-image/900/858/014/3b114c2a97814ad292a3f9e8a0b6c2d4.jpg,기계식,유선,풀배열,50g,941,유선,한/영 정각,레인보우 백라이트
MOUNTAIN EVEREST MAX 블랙,MOUNTAIN,459990,https://img.danuri.io/catalog-image/431/808/017/adef88f3b62342488757f024a9cd7371.jpg,기계식,유선,풀배열,45g,1373,유선,영문 정각,RGB 백라이트
FL-ESPORTS CMK75 유무선 LCD 핫스왑 풀윤활 기계식 발렌타인 핑크 한글,FL-ESPORTS,108000,https://img.danuri.io/catalog-image/950/195/030/26ed4ccd753c4e51b3413109676818ed.jpg,기계식,유선+무선,미니,45g,1200,"전용동글(리시버), 블루투스",한/영 정각,RGB 백라이트
글로리어스 GMMK2 96% Prebuilt 기계식키보드,글로리어스,146670,https://img.danuri.io/catalog-image/218/181/017/8be49c1883d84bd3a007236963d0a6ba.jpg,기계식,유선,99키,45g,1250,유선,영문 정각,RGB 백라이트
VARMILO MINILO 75 유무선 기계식 레트로 영문,VARMILO,198000,https://img.danuri.io/catalog-image/712/821/029/adbe436254004c4c8ab0ee05ff3ba907.jpg,기계식,유선+무선,미니,45g,1510,"블루투스, 전용동글(리시버)",영문 정각,RGB 백라이트
COUGAR PURI RGB,COUGAR,85410,https://img.danuri.io/catalog-image/778/639/013/d27a9cbb1f8241fc92aaad14ac70c0a5.jpg,기계식,유선,풀배열,45g,1400,유선,한/영 정각,RGB 백라이트
VARMILO MINILO 75 유무선 기계식 맨도사 영문,VARMILO,198000,https://img.danuri.io/catalog-image/736/821/029/3f05d86a37d1465e9c4cc8adb3c75502.jpg,기계식,유선+무선,미니,37g,1510,"블루투스, 전용동글(리시버)",영문 정각,RGB 백라이트
마이크로닉스 MANIC EX580L 게이밍 기계식 화이트,마이크로닉스,60100,https://img.danuri.io/catalog-image/985/188/017/b9417ab558814f208ed358c697bfc41e.jpg,기계식,유선,풀배열,50g,1059,유선,한/영 정각,레인보우 백라이트
Keydous NJ80-AP 유무선 핫스왑 풀윤활 기계식 크림아이보리,Keydous,179000,https://img.danuri.io/catalog-image/742/266/020/895cc88ff3914521961a4088fb705dea.jpg,기계식,유선+무선,미니,45g,1000,"전용동글(리시버), 블루투스",한/영 정각,RGB 백라이트
한성컴퓨터 TFG Cloud Max CF 염료승화 유무선 기계식 모카코코아,한성컴퓨터,99000,https://img.danuri.io/catalog-image/208/348/091/2f86ff56c33c48e28eee24ce46ae0f9f.jpg,기계식,유선+무선,풀배열,45g,1165,"전용동글(리시버), 블루투스",한/영 정각,RGB 백라이트
로지텍 K380S (정품),로지텍,41880,https://img.danuri.io/catalog-image/242/889/032/272afab4ea0b4441bba8675aead5ac99.jpg,펜타그래프,무선,미니,0g,415,블루투스,한/영 정각,없음
몬스타 가츠 X198 프로 노브 보글보글 유무선 초콜릿,몬스타,32900,https://img.danuri.io/catalog-image/538/631/093/33a0136195944d70ad8ab9beec9625e7.jpg,멤브레인,유선+무선,100키,0g,665,"전용동글(리시버), 블루투스",한/영 정각,레인보우 백라이트
Actto BTK-05 하프 블루투스키보드,Actto,19900,https://img.danuri.io/catalog-image/054/654/014/b0589494b1524125bff5d724f1a02433.jpg,멤브레인,무선,미니,0g,132,블루투스,한/영 정각,없음
코시 KB1352BT,코시,16900,https://img.danuri.io/catalog-image/578/308/003/839b1d4e191043a4ba690790f7360015.jpg,펜타그래프,무선,미니,0g,310,블루투스,정보없음,없음
Razer Huntsman V3 Pro 8K KR,Razer,379000,https://img.danuri.io/catalog-image/439/699/100/1c77dbe1eac0462eb74a2e836bd56091.jpg,무접점 광축,유선,풀배열,40g,1133,유선,한/영 정각,RGB 백라이트
아즈라 E ZERO OCTOPUS 8K HE,아즈라,219000,https://img.danuri.io/catalog-image/528/554/099/63c21ab3512248ddac77979b6707f62d.jpg,무접점 자석축,유선,텐키리스,36g,1700,유선,한/영 정각,RGB 백라이트
로지텍 KEYS-TO-GO 2 for iPad (정품),로지텍,103500,https://img.danuri.io/catalog-image/704/557/079/d0dc5fd431e6462e9fc5029415a724b4.jpg,펜타그래프,무선,미니,0g,222,블루투스,한/영 정각,없음
AULA S102,AULA,22900,https://img.danuri.io/catalog-image/205/222/106/196d946f807d4ae39939c4d78a12bd8f.jpg,멤브레인,유선,풀배열,0g,810,유선,레이저각인 키캡,RGB 백라이트
NuPhy KICK75 유무선 기계식 나노,NuPhy,159000,https://img.danuri.io/catalog-image/381/621/092/0e4ff9e41ba4403e8c0831c964c92884.jpg,기계식,유선+무선,미니,50g,877,"전용동글(리시버), 블루투스",한/영 정각,RGB 백라이트
한성컴퓨터 GK893B PRO 염료승화 EDITION 유무선 무접점,한성컴퓨터,148990,https://img.danuri.io/catalog-image/339/888/032/24060763e93145efb4fb6c1458450bbd.jpg,무접점,유선+무선,텐키리스,35g,897,"전용동글(리시버), 블루투스",한/영 정각,없음
그루브스톤 GS104R 표준윤활 민들레 허니,그루브스톤,95600,https://img.danuri.io/catalog-image/133/335/074/08f18ad555494948a354c78fcf3fdc61.jpg,기계식,유선+무선,풀배열,40g,1112,"전용동글(리시버), 블루투스",한/영 정각,RGB 백라이트
QSENN SEM-DT 큰글씨,QSENN,10600,https://img.danuri.io/catalog-image/000/167/018/0ef5a2cbd42e4d3ab616a6f46059d897.jpg,멤브레인,유선,풀배열,0g,735,유선,한/영 정각,없음
로지텍 시그니처 슬림 솔라+ K980 무선,로지텍,141550,https://img.danuri.io/catalog-image/336/268/100/1ddb7020f6e746d1900e9053103099d3.jpg,펜타그래프,무선,풀배열,0g,700,블루투스,한/영 정각,없음
VARO VM87 HE,VARO,145000,https://img.danuri.io/catalog-image/077/305/097/0b479a39bd7849f48f68c6ab5e1f269d.jpg,무접점 자석축,유선,텐키리스,45g,800,유선,한/영 정각,RGB 백라이트
로지텍 ALTO KEYS K98M 무선 기계식 (정품),로지텍,129000,https://img.danuri.io/catalog-image/657/361/097/de84b0054bea4d84976d71286116c6b2.jpg,기계식,무선,98키,40g,1100,블루투스,한/영 정각,단색 백라이트
지클릭커 Magneon 8K GRT107 문스톤그레이,지클릭커,74800,https://img.danuri.io/catalog-image/366/987/104/82a92c045cfc4a03a7afe3e290cbbbc5.jpg,무접점 자석축,유선,풀배열,37g,1110,유선,한/영 정각,RGB 백라이트
프리플로우 archon UX Flat Max 유무선,프리플로우,39900,https://img.danuri.io/catalog-image/648/078/101/39f162d920fa4968b9aa6391d8fed7a1.jpg,펜타그래프,유선+무선,풀배열,0g,590,"전용동글(리시버), 블루투스",한/영 정각,없음
한성컴퓨터 TFG Magnetox 2XL,한성컴퓨터,84000,https://img.danuri.io/catalog-image/419/680/109/81a4665346d34a4bb69b23777fa1802c.jpg,무접점 자석축,유선,텐키리스,35g,1042,유선,한/영 정각,RGB 백라이트
로지텍 K580 (정품),로지텍,63340,https://img.danuri.io/catalog-image/237/246/009/1544607af5b8482b8e1181f33417fa21.jpg,펜타그래프,무선,101키,0g,558,"전용동글(리시버), 블루투스",한/영 정각,없음
로지텍 시그니처 슬림 K950 (정품),로지텍,89000,https://img.danuri.io/catalog-image/344/998/049/9c8867c845ce4748a8501a42b6a3c679.jpg,펜타그래프,무선,풀배열,0g,685,블루투스,한/영 정각,없음
로지텍 G413 TKL SE (정품),로지텍,68980,https://img.danuri.io/catalog-image/439/396/016/be4a43f9d1cd439b9419a58444364764.jpg,기계식,유선,미니,50g,650,유선,정보없음,단색 백라이트
로지텍 MX Mechanical (정품),로지텍,178960,https://img.danuri.io/catalog-image/551/016/077/e4bbb24916f644c99765dcf2daf973c4.jpg,기계식,무선,풀배열,43g,828,블루투스,한/영 정각,단색 백라이트
AULA S2022 기계식,AULA,24500,https://img.danuri.io/catalog-image/959/512/076/45a418eb67764522bb4da9047df57951.jpg,기계식,유선,풀배열,60g,719,유선,한/영 정각,RGB 백라이트
한성컴퓨터 GK694 OfficeMaster 유무선,한성컴퓨터,31410,https://img.danuri.io/catalog-image/032/843/078/90184d476dc3440f846a994fb97dbf88.jpg,펜타그래프,유선+무선,미니,0g,515,"전용동글(리시버), 블루투스",한/영 정각,없음
지클릭커 Magneon 8K GRT107 머큐리핑크,지클릭커,74800,https://img.danuri.io/catalog-image/387/987/104/eb4c61c29bf34c47a27e07df7f8cf8e3.jpg,무접점 자석축,유선,풀배열,37g,1110,유선,한/영 정각,RGB 백라이트
지클릭커 OFFICEPRO EK600 무선 기계식 옐로우 블랙,지클릭커,138000,https://img.danuri.io/catalog-image/392/815/094/c7b978432a264650b5db316ed15f6010.jpg,기계식,유선+무선,풀배열,37g,1185,"전용동글(리시버), 블루투스",한/영 정각,RGB 백라이트
닐킨 큐브포켓,닐킨,68000,https://img.danuri.io/catalog-image/146/665/122/5142a003153b4b038f1c7e8acecf22eb.jpeg,펜타그래프,무선,미니,0g,238,블루투스,영문 정각,없음
프리플로우 archon E1 PRO MAX 동그리 8K 유무선 무접점,프리플로우,129000,https://img.danuri.io/catalog-image/258/395/048/95ad665c6ed144f1b2f34ab0f72ac6d1.jpg,무접점,유선+무선,풀배열,40g,1097,"전용동글(리시버), 블루투스",한/영 정각,없음
CHERRY KC6000 SLIM,CHERRY,55630,https://img.danuri.io/catalog-image/823/773/020/3c0ccc1d0c6c434a82feadcfd7949af9.jpg,펜타그래프,유선,풀배열,0g,660,유선,한/영 정각,없음
로지텍 K380,로지텍,29900,https://img.danuri.io/catalog-image/489/350/004/8b6e736959494e56877764e22dca1080.jpg,펜타그래프,무선,미니,0g,423,블루투스,정보없음,없음
VARO V104K NEXUS KNOB LCD 유무선 기계식,VARO,99000,https://img.danuri.io/catalog-image/606/416/108/e6234e05e27b414b90927daa84f2a4de.jpg,기계식,유선+무선,풀배열,46g,1200,"전용동글(리시버), 블루투스",한/영 정각,RGB 백라이트
Razer DeathStalker V2 US,Razer,125260,https://img.danuri.io/catalog-image/907/739/018/67349b357f98458caaf2357adff2ac9f.jpg,무접점 광축,유선,풀배열,45g,740,유선,영문 정각,RGB 백라이트
Keychron B1 PRO 유무선,Keychron,78000,https://img.danuri.io/catalog-image/014/890/073/e0423f7d04354bc29a20035dfa2227f4.jpg,펜타그래프,유선+무선,미니,0g,425,"전용동글(리시버), 블루투스",한/영 정각,없음
한성컴퓨터 GK898B PRO 염료승화 EDITION 유무선 무접점,한성컴퓨터,159000,https://img.danuri.io/catalog-image/850/887/032/baf94d123d824949932253c2932f404a.jpg,무접점,유선+무선,풀배열,35g,1097,"전용동글(리시버), 블루투스",한/영 정각,없음
CHERRY MX BOARD 3.0S TKL 화이트,CHERRY,79000,https://img.danuri.io/catalog-image/233/400/017/9d170cec41d949868f3bafc7b8a3171e.jpg,기계식,유선,텐키리스,45g,830,유선,레이저각인 키캡,없음
SPM PL87W 목새 유무선 기계식,SPM,64900,https://img.danuri.io/catalog-image/375/314/093/4bc15391de144afa9c6b1e3805fe5d9d.jpg,기계식,유선+무선,텐키리스,45g,964,"블루투스, 전용동글(리시버)",한/영 정각,RGB 백라이트
QSENN Q104 PBT 풀윤활 가스켓 유무선 기계식 블루퍼플,QSENN,58600,https://img.danuri.io/catalog-image/296/560/073/fedb6e62690e4da18f3688faa99549fc.jpg,기계식,유선+무선,풀배열,47g,1275,"전용동글(리시버), 블루투스",한/영 정각,RGB 백라이트
스카이디지탈 NKEYBOARD NKEY-2,스카이디지탈,42000,https://img.danuri.io/catalog-image/346/415/002/e4baf27e656743ce84c2430fac78fb08.jpg,멤브레인,유선,풀배열,0g,760,유선,정보없음,없음
한성컴퓨터 GK204 기계식,한성컴퓨터,24210,https://img.danuri.io/catalog-image/732/596/075/482a30b5731f49088696b7787fe905b8.jpg,기계식,유선,풀배열,40g,720,유선,한/영 정각,레인보우 백라이트
다얼유 EK87 RT 8K,다얼유,99000,https://img.danuri.io/catalog-image/073/081/094/4deb03350e79451699c7d2b17a20cd43.jpg,무접점 자석축,유선,텐키리스,45g,970,유선,정보없음,RGB 백라이트
로지텍 G915 X LIGHTSPEED 블랙 (정품),로지텍,249000,https://img.danuri.io/catalog-image/279/297/068/0bcd9cc505124d9b8bddffd47eb5c5fd.jpg,기계식,유선+무선,풀배열,43g,1080,"전용동글(리시버), 블루투스",한/영 정각,RGB 백라이트
QSENN DT35 87 유무선 기계식 블랙,QSENN,44900,https://img.danuri.io/catalog-image/068/003/060/48f5c36525b24204813e7d7b0cbf33c1.jpg,기계식,유선+무선,텐키리스,50g,1010,"전용동글(리시버), 블루투스",한/영 정각,RGB 백라이트
Keychron B6 PRO 유무선,Keychron,47500,https://img.danuri.io/catalog-image/601/226/060/fdafb53556774404b09248b2bfb98814.jpg,펜타그래프,유선+무선,풀배열,0g,623,"전용동글(리시버), 블루투스",한/영 정각,없음
다얼유 EK106 PRO 8K 기계식 스모키그레이,다얼유,60000,https://img.danuri.io/catalog-image/893/080/094/50ca518e87c14bc99812f8b02a3d7cf3.jpg,기계식,유선,풀배열,42g,926,유선,정보없음,RGB 백라이트
Razer Huntsman V3 Pro TKL 8K US Niko Edition,Razer,379000,https://img.danuri.io/catalog-image/113/682/122/212ab698d31740909fb242331f376fc7.jpeg,무접점 광축,유선,텐키리스,40g,932,유선,영문 정각,RGB 백라이트
지클릭커 OFFICEPRO OPK50 사일런스 M RGB 무소음 방수 108,지클릭커,18900,https://img.danuri.io/catalog-image/060/224/072/f42f08c17006412d9f78d188c73b0bed.jpg,멤브레인,유선,풀배열,0g,762,유선,한/영 정각,RGB 백라이트
주연테크 긱스타 JK08 유무선 기계식,주연테크,47820,https://img.danuri.io/catalog-image/410/960/090/9ec1eef5ffeb433d8f21993a48c42238.jpg,기계식,유선+무선,미니,45g,942,"전용동글(리시버), 블루투스",한/영 정각,RGB 백라이트
한성컴퓨터 TFG Cloud Max CL 유무선 기계식 모카코코아,한성컴퓨터,88990,https://img.danuri.io/catalog-image/106/862/093/8748ce88acb6486fb95e7a1ed9bf248a.jpg,기계식,유선+무선,텐키리스,45g,985,"전용동글(리시버), 블루투스",한/영 정각,RGB 백라이트
QSENN Q104 스폰지밥 에디션 PBT 풀윤활 가스켓 유무선 기계식,QSENN,79800,https://img.danuri.io/catalog-image/851/701/106/4385693745cf4e5781bf2bb7240bdd02.jpg,기계식,유선+무선,풀배열,45g,1160,"전용동글(리시버), 블루투스",한/영 정각,RGB 백라이트
QSENN Q104 PBT 풀윤활 가스켓 유무선 기계식 크림치즈,QSENN,59400,https://img.danuri.io/catalog-image/311/560/073/3f01b7c4dbe94ccfa75ba7eae6c531de.jpg,기계식,유선+무선,풀배열,45g,1275,"전용동글(리시버), 블루투스",한/영 정각,RGB 백라이트
COX CK01V PINK WHITE 게이밍 광축,COX,55000,https://img.danuri.io/catalog-image/514/011/101/bd6180ea7bd1484e87c3166e466ffb4c.jpg,무접점 광축,유선,풀배열,45g,900,유선,한/영 정각,단색 백라이트
라이트컴 COMS SE521 블루투스키보드& 터치패드,라이트컴,30110,https://img.danuri.io/catalog-image/697/618/003/4507e9d5e8774c9d91676b461e516703.jpg,펜타그래프,무선,미니,0g,185,블루투스,정보없음,없음
로지텍 POP ICON KEYS (정품),로지텍,62900,https://img.danuri.io/catalog-image/942/423/071/42dc3be658fd45c3979d799a500ad65f.jpg,펜타그래프,무선,미니,0g,530,블루투스,한/영 정각,없음
Deck CBL-108XT The Carrier 거북선 유무선 기계식,Deck,199000,https://img.danuri.io/catalog-image/276/143/030/9b07ec8a83fa4762a6b6e7288e76958e.jpg,기계식,유선+무선,풀배열,45g,1072,"전용동글(리시버), 블루투스",한/영 정각,없음
지클릭커 OFFICEPRO EK300 인체공학 무선,지클릭커,49500,https://img.danuri.io/catalog-image/885/121/097/1c172983753645e1b14d3fd34ee0faa7.jpg,멤브레인,무선,풀배열,0g,900,"전용동글(리시버), 블루투스",한/영 정각,없음
지클릭커 OFFICEPRO WK50 사일런스 M RGB 무소음 방수 무선 블루투스 78,지클릭커,29800,https://img.danuri.io/catalog-image/361/953/101/9ce43fa5d6b840d896111b6bd5b8d787.jpg,멤브레인,유선+무선,텐키리스,0g,710,"전용동글(리시버), 블루투스",한/영 정각,레인보우 백라이트
한성컴퓨터 GK104 유무선,한성컴퓨터,28990,https://img.danuri.io/catalog-image/932/984/096/9da9749063584c038d9fe242abe33cf7.jpg,멤브레인,유선+무선,풀배열,0g,655,"전용동글(리시버), 블루투스",한/영 정각,RGB 백라이트
MCHOSE GX87 유무선 기계식,MCHOSE,79000,https://img.danuri.io/catalog-image/505/028/063/abe1e16d94094556b47e28fcf59639b4.jpg,기계식,유선+무선,텐키리스,43g,2100,"전용동글(리시버), 블루투스",한/영 정각,RGB 백라이트
프리플로우 archon AK47 PRO 유무선 기계식 마시멜로우,프리플로우,87900,https://img.danuri.io/catalog-image/075/655/122/ca5d220fd4b145bdb59a5ed6a982d689.jpeg,기계식,유선+무선,텐키리스,46g,1008,"전용동글(리시버), 블루투스",한/영 정각,RGB 백라이트
SPM PL108W 아라 유무선 기계식 베이지,SPM,74000,https://img.danuri.io/catalog-image/542/635/091/5fb0aeaf18414713835f214954e896ca.jpg,기계식,유선+무선,풀배열,40g,1107,"전용동글(리시버), 블루투스",한/영 정각,RGB 백라이트
QSENN Q104 PBT 풀윤활 가스켓 유무선 기계식 블랙,QSENN,58600,https://img.danuri.io/catalog-image/275/560/073/b46ff95b30874cb39724404c2e16c92d.jpg,기계식,유선+무선,풀배열,47g,1275,"전용동글(리시버), 블루투스",한/영 정각,RGB 백라이트
지클릭커 OFFICEPRO WK50 사일런스 M RGB 무소음 방수 무선 블루투스 104,지클릭커,25110,https://img.danuri.io/catalog-image/534/400/103/caa6112784ac4ef18700e7ce2242dac0.jpg,멤브레인,무선,풀배열,0g,725,"전용동글(리시버), 블루투스",한/영 정각,단색 백라이트
지클릭커 OFFICEPRO WK60 스탠다드 M 무선,지클릭커,18890,https://img.danuri.io/catalog-image/943/943/099/81430a449e2c4a34bb79a5b391548105.jpg,멤브레인,무선,풀배열,0g,551,"전용동글(리시버), 블루투스",한/영 정각,없음
QSENN X104 풀윤활 가스켓 기계식 스모크드 펄 그레이,QSENN,39800,https://img.danuri.io/catalog-image/995/479/103/79a5ed13288a457183472f682bfa5a44.jpg,기계식,유선,풀배열,42g,870,유선,한/영 정각,RGB 백라이트
프리플로우 archon AK47 PRO 유무선 기계식 메카닉 블랙,프리플로우,87900,https://img.danuri.io/catalog-image/122/655/122/e826af759a3046fa9e900b0ca20abfaf.jpeg,기계식,유선+무선,텐키리스,43g,1008,"전용동글(리시버), 블루투스",한/영 정각,RGB 백라이트
에이데이타코리아 DDZONE DK-BT9000,에이데이타코리아,11000,https://img.danuri.io/catalog-image/495/558/003/f2a3af622f4b490d94d1b8f99153fad7.jpg,펜타그래프,무선,미니,0g,320,블루투스,한/영 정각,없음
QSENN X104 풀윤활 가스켓 기계식 벚꽃,QSENN,39800,https://img.danuri.io/catalog-image/001/480/103/0c7c1b92ba0341c9a4c77ba0644f21cb.jpg,기계식,유선,풀배열,42g,870,유선,한/영 정각,RGB 백라이트
프리플로우 Archon AK22 OSCAFE,프리플로우,21900,https://img.danuri.io/catalog-image/189/709/106/ba83ee87c16d428d9a1ef86c71939c8c.jpg,멤브레인,유선,풀배열,43g,885,유선,한/영 정각,RGB 백라이트
로지텍 G915 X LIGHTSPEED 화이트 (정품),로지텍,298000,https://img.danuri.io/catalog-image/751/450/094/e7e70efeed4146b0a8301291ce167dff.jpg,기계식,유선+무선,풀배열,45g,1080,"전용동글(리시버), 블루투스",한/영 정각,RGB 백라이트
SPM JOYAKDOL87 유무선 기계식,SPM,145000,https://img.danuri.io/catalog-image/789/745/106/0e995f5ebedb44cda54ba977d6892c33.jpg,기계식,유선+무선,텐키리스,42g,1932,"전용동글(리시버), 블루투스",한/영 정각,RGB 백라이트
한성컴퓨터 TFG Magnetox 2XF,한성컴퓨터,94000,https://img.danuri.io/catalog-image/410/680/109/eedc43a4bfb64ac1994ccd41e99cdf70.jpg,무접점 자석축,유선,풀배열,35g,1233,유선,한/영 정각,RGB 백라이트
QSENN DT35 104 가스켓 유무선 기계식 화이트,QSENN,52290,https://img.danuri.io/catalog-image/056/070/062/35aee66cea5048818a0e4aeb86c99416.jpg,기계식,유선+무선,풀배열,35g,1010,"전용동글(리시버), 블루투스",정보없음,RGB 백라이트
FL-ESPORTS CMK87 유무선 핫스왑 풀윤활 기계식 폴라 나이트 블랙 한글,FL-ESPORTS,69000,https://img.danuri.io/catalog-image/111/772/028/abdff29181ee4fac9b7f765b7ecb0c33.jpg,기계식,유선+무선,텐키리스,40g,1470,"전용동글(리시버), 블루투스",정보없음,RGB 백라이트
QSENN DT35 106 가스켓 유무선 기계식 화이트,QSENN,52400,https://img.danuri.io/catalog-image/696/086/063/901374696c0c4259aa70b15f1474d2a3.jpg,기계식,유선+무선,풀배열,47g,1600,"전용동글(리시버), 블루투스",한/영 정각,RGB 백라이트
한성컴퓨터 TFG Magnetox XF,한성컴퓨터,124000,https://img.danuri.io/catalog-image/684/100/058/56c1920ca25849019fafec82887c5163.jpg,무접점 자석축,유선,풀배열,35g,1300,유선,한/영 정각,없음
로지텍 MX KEYS (정품),로지텍,169000,https://img.danuri.io/catalog-image/836/523/009/5acbb28ef5b649c4ac12b060f2e95abd.jpg,펜타그래프,무선,풀배열,0g,810,"전용동글(리시버), 블루투스",한/영 정각,단색 백라이트
ATK Yogo 75 Pro 유무선 기계식 실버 화이트,ATK,198000,https://img.danuri.io/catalog-image/007/619/122/430e3634d10c4e15b1152245dec8806a.jpeg,기계식,유선+무선,미니,35g,951,"전용동글(리시버), 블루투스",영문 정각,RGB 백라이트
로얄클루지 RK987 RGB 기계식 텐키리스키보드,로얄클루지,39900,https://img.danuri.io/catalog-image/669/748/016/a7efc7dbf30d4b3585f572ac5e4dc4e9.jpg,기계식,유선,텐키리스,50g,1000,유선,한/영 정각,RGB 백라이트
SPM PL108W 아라 유무선 기계식 화이트,SPM,71000,https://img.danuri.io/catalog-image/554/635/091/7989697d2abd43c0a75e57c6705c611e.jpg,기계식,유선+무선,풀배열,42g,1107,"블루투스, 전용동글(리시버)",한/영 정각,RGB 백라이트
로지텍 G915 X LIGHTSPEED TKL 블랙 (정품),로지텍,239000,https://img.danuri.io/catalog-image/886/631/093/58366f415d17464c815b34da6524d3b1.jpg,기계식,유선+무선,텐키리스,45g,860,"전용동글(리시버), 블루투스",한/영 정각,RGB 백라이트
로지텍 K380 키스킨미포함 (정품),로지텍,35990,https://img.danuri.io/catalog-image/959/427/003/572272c367104ba79042c975f2287d6c.jpg,펜타그래프,무선,미니,0g,423,블루투스,한/영 정각,없음
프리플로우 Archon AK27 OSCAFE 유무선,프리플로우,27900,https://img.danuri.io/catalog-image/797/420/108/a79d4c5ec0a840c08aba92322d080470.jpg,멤브레인,유선+무선,풀배열,43g,955,"전용동글(리시버), 블루투스",한/영 정각,RGB 백라이트
Razer Huntsman V3 Pro TKL 8K WHITE US,Razer,309000,https://img.danuri.io/catalog-image/503/013/101/323791178dca47df900d740c645a9576.jpg,무접점 광축,유선,텐키리스,40g,932,유선,영문 정각,RGB 백라이트
한성컴퓨터 GK898B PRO 동그리 8K 유무선 무접점,한성컴퓨터,149000,https://img.danuri.io/catalog-image/199/028/063/b1f8b95c1b974272ad2f10531418768e.jpg,무접점,유선+무선,풀배열,35g,1097,"전용동글(리시버), 블루투스",한/영 정각,없음
CORSAIR K70 MAX RGB MGX 게이밍 기계식 골드키캡 에디션,CORSAIR,277800,https://img.danuri.io/catalog-image/396/530/078/bde50fbeef89402fa1fca8bc643eb33e.jpg,무접점 자석축,유선,풀배열,45g,1390,유선,한/영 정각,RGB 백라이트
스카이디지탈 NKEYBOARD NKEY-1,스카이디지탈,39300,https://img.danuri.io/catalog-image/027/863/000/8ac9f9858f4d41119235d2a006dc4b0e.jpg,멤브레인,유선,풀배열,0g,759,유선,정보없음,없음
Keychron B6 유무선,Keychron,71900,https://img.danuri.io/catalog-image/547/620/077/5e11bb94a9ab41ed82a6c45a7f41e58e.jpg,펜타그래프,유선+무선,풀배열,0g,620,"전용동글(리시버), 블루투스",정보없음,없음
CHERRY MX BOARD 3.0S 블랙,CHERRY,89000,https://img.danuri.io/catalog-image/720/062/010/c6f2e68aca3040e0a03062d5ec24215c.jpg,기계식,유선,풀배열,45g,1025,유선,정보없음,없음
Keychron B2 PRO,Keychron,42500,https://img.danuri.io/catalog-image/279/466/106/6b5d41e4d7bd428fb679cb49a852a1e8.jpg,펜타그래프,유선+무선,109키,0g,623,"전용동글(리시버), 블루투스",한/영 정각,없음
앱코 K560 축교환 레인보우 무빙 LED 기계식 화이트,앱코,30900,https://img.danuri.io/catalog-image/326/539/028/80059266e32f46039e5241c8a1904b50.jpg,기계식,유선,풀배열,45g,840,유선,정보없음,레인보우 백라이트
QSENN DT35 106 가스켓 유무선 기계식 블랙,QSENN,48390,https://img.danuri.io/catalog-image/582/086/063/b40a137ef1bd4a6c9f50d4a389a27e69.jpg,기계식,유선+무선,풀배열,45g,1600,"전용동글(리시버), 블루투스",한/영 정각,RGB 백라이트
한성컴퓨터 GK798PRO 유무선 기계식 오션 화이트,한성컴퓨터,70890,https://img.danuri.io/catalog-image/481/789/076/b56b15f5a05746f78edc2f90310e58c2.jpg,기계식,유선+무선,풀배열,38g,1100,"전용동글(리시버), 블루투스",한/영 정각,RGB 백라이트
Microsoft Designer Compact Keyboard,Microsoft,89900,https://img.danuri.io/catalog-image/479/269/013/e4a7c1a831c647a597de02a3076fdfec.jpg,펜타그래프,무선,미니,0g,287,"블루투스, 호환성: 블루투스4.0 이상 지원 닫기",정보없음,없음
Razer BlackWidow V3 KR,Razer,89000,https://img.danuri.io/catalog-image/933/519/014/af9d5d4aa54b4052a3e3d1d706fecd51.jpg,기계식,유선,풀배열,45g,1282,유선,정보없음,RGB 백라이트
MCHOSE MIX 87,MCHOSE,79900,https://img.danuri.io/catalog-image/599/122/097/e7c11cad5b0e4cf494854f7eb54b04f1.jpg,무접점 자석축,유선,텐키리스,35g,992,유선,레이저각인 키캡,없음
프리플로우 Archon AK39 유무선,프리플로우,29900,https://img.danuri.io/catalog-image/045/546/101/ced21ce1db904cb0952b1b4d006dcc5f.jpg,펜타그래프,유선+무선,풀배열,0g,710,"전용동글(리시버), 블루투스",한/영 정각,없음
다얼유 EK106 RT 8K,다얼유,61000,https://img.danuri.io/catalog-image/262/081/094/e09c6c5e34d045a6a02e415bfe947e4d.jpg,무접점 자석축,유선,풀배열,45g,1218,유선,한/영 정각,RGB 백라이트
한성컴퓨터 TFG Cloud Max CF 동그리 유무선 기계식 스페이스 블랙,한성컴퓨터,88990,https://img.danuri.io/catalog-image/773/347/091/96ec1629508c4bf2b49b0b53c85a8ffb.jpg,기계식,유선+무선,풀배열,45g,1165,"전용동글(리시버), 블루투스",한/영 정각,RGB 백라이트
COX CK460 교체축 무빙 LED 게이밍 기계식,COX,39900,https://img.danuri.io/catalog-image/110/645/027/96e2c817455a4da2850532bff7b3cc54.jpg,기계식,유선,풀배열,45g,840,유선,한/영 정각,레인보우 백라이트
Razer BlackWidow V4 Low profile HyperSpeed KR,Razer,269000,https://img.danuri.io/catalog-image/457/222/097/3f90217963bc49009af6b11d9d29f93d.jpg,기계식,유선+무선,풀배열,45g,1052,"전용동글(리시버), 블루투스",한/영 정각,RGB 백라이트
몬스타 가츠 스팅68 LITE,몬스타,37080,https://img.danuri.io/catalog-image/996/414/074/b63c5872138d490bb3f477c113041ab8.jpg,무접점 자석축,유선,미니,37g,455,유선,한/영 정각,RGB 백라이트
한성컴퓨터 GK893B PRO 동그리 8K 유무선 무접점,한성컴퓨터,146320,https://img.danuri.io/catalog-image/630/600/047/cf0b8a67d0344d73b69e9e3d8171cee6.jpg,무접점,유선+무선,텐키리스,45g,897,"전용동글(리시버), 블루투스",한/영 정각,없음
QSENN Q104 PBT 풀윤활 가스켓 유무선 기계식 화이트,QSENN,58600,https://img.danuri.io/catalog-image/287/560/073/e635ddb1504d47a8b29184ec3f726853.jpg,기계식,유선+무선,풀배열,47g,1275,"전용동글(리시버), 블루투스",한/영 정각,RGB 백라이트
로지텍 G512 GX Brown 기계식 게이밍키보드(정품),로지텍,129000,https://img.danuri.io/catalog-image/914/861/015/7be638a9417f42d1bf1be43604d7b6ee.jpg,기계식,유선,풀배열,50g,962,유선,정보없음,RGB 백라이트
로지텍 G512 GX Red 기계식 게이밍키보드(정품),로지텍,112520,https://img.danuri.io/catalog-image/926/861/015/7c6f9f56bf2c48538d9b8183064f8d95.jpg,기계식,유선,풀배열,50g,962,유선,정보없음,RGB 백라이트
QSENN Q104 LCD 풀윤활 가스켓 유무선 기계식 그라데이션 블루소다,QSENN,73880,https://img.danuri.io/catalog-image/767/148/092/21e8d42f669f4231b6af2ff9c4129559.jpg,기계식,유선+무선,풀배열,37g,1160,"전용동글(리시버), 블루투스",정보없음,레인보우 백라이트
SPM JOYAKDOL75 유무선 기계식 화이트,SPM,125000,https://img.danuri.io/catalog-image/878/701/106/841eb4cfd0654a069ac2edd5703f7a86.jpg,기계식,유선+무선,미니,45g,2046,"전용동글(리시버), 블루투스",한/영 정각,RGB 백라이트
라이프썸 LFS-HA43,라이프썸,18900,https://img.danuri.io/catalog-image/650/153/018/d3340b58528747cc94d43e360a75d8b2.jpg,펜타그래프,무선,미니,0g,261,"전용동글(리시버), 블루투스",한/영 정각,없음
Keychron K5 SE2 유무선 기계식,Keychron,124000,https://img.danuri.io/catalog-image/319/226/060/9ae9058052d24d6f8856ceb2edddd4c6.jpg,기계식,유선+무선,풀배열,45g,695,"전용동글(리시버), 블루투스",한/영 정각,없음
지클릭커 오피스프로 WK80 사일런스L 블록 무선 84,지클릭커,28900,https://img.danuri.io/catalog-image/721/752/104/26223a31b7c141ca80655ba456244edd.jpg,멤브레인,유선+무선,미니,0g,570,"전용동글(리시버), 블루투스",한/영 정각,RGB 백라이트
AULA Hi98 PRO 유무선 기계식 화이트,AULA,99000,https://img.danuri.io/catalog-image/141/317/093/009488d651424869b116aa0e5e087ef9.jpg,기계식,유선+무선,101키,43g,2270,"전용동글(리시버), 블루투스",한/영 정각,RGB 백라이트
한성컴퓨터 TFG Cloud Max CF 동그리 유무선 기계식 코튼캔디,한성컴퓨터,99000,https://img.danuri.io/catalog-image/041/925/098/13d506ff1ba44973a0e67327b88e788e.jpg,기계식,유선+무선,풀배열,43g,1165,"전용동글(리시버), 블루투스",한/영 정각,RGB 백라이트
한성컴퓨터 GK798PRO 유무선 기계식 스페이스 블랙,한성컴퓨터,70900,https://img.danuri.io/catalog-image/918/998/078/7578415e5a124dac9ebc5fe2104c7e26.jpg,기계식,유선+무선,풀배열,45g,1100,"전용동글(리시버), 블루투스",한/영 정각,RGB 백라이트
Razer Huntsman V2 KR,Razer,219000,https://img.danuri.io/catalog-image/669/058/016/2a568396944043858fcc7a6e3e930388.jpg,무접점 광축,유선,풀배열,45g,1210,유선,한/영 정각,RGB 백라이트
ATK Yogo 75 Pro 유무선 기계식 블랙,ATK,198000,https://img.danuri.io/catalog-image/005/619/122/9ce88d39731e4b828dda2e8c283c8a4c.jpeg,기계식,유선+무선,미니,35g,951,"전용동글(리시버), 블루투스",영문 정각,RGB 백라이트
플레오맥스 PBK-500 접이식 블루투스키보드,플레오맥스,33380,https://img.danuri.io/catalog-image/436/338/017/301d85665e204132aa31d18c68fddd5a.jpg,펜타그래프,무선,미니,0g,200,블루투스,정보없음,없음
SPM 세모키 PL87W ARA 유무선 기계식,SPM,66176,https://img.danuri.io/catalog-image/033/182/105/48fc7e0def904189988c4d256c99f18b.jpg,기계식,유선+무선,텐키리스,40g,883,"전용동글(리시버), 블루투스",한/영 정각,RGB 백라이트
앱코 AR88 퍼스트스텝 리얼 알루미늄 커스텀 유무선 기계식,앱코,149000,https://img.danuri.io/catalog-image/766/626/122/e792c6795ecc44c79e98d5619e872c2d.jpeg,기계식,유선+무선,텐키리스,43g,2070,"전용동글(리시버), 블루투스",한/영 정각,RGB 백라이트
프리플로우 archon E1 PRO 동그리 8K 유무선 무접점,프리플로우,119000,https://img.danuri.io/catalog-image/701/643/071/8798c8c59a6343a2806b2d708dec2edb.jpg,무접점,유선+무선,텐키리스,50g,897,"전용동글(리시버), 블루투스",한/영 정각,없음
QSENN Q104 8K 풀윤활 유무선 기계식 슈팅스타,QSENN,60430,https://img.danuri.io/catalog-image/921/650/096/634d7baffb98437da5612c5ee23c39d8.jpg,기계식,유선+무선,풀배열,42g,1160,"전용동글(리시버), 블루투스",한/영 정각,RGB 백라이트
주연테크 긱스타 GKG108 유무선 기계식 화이트,주연테크,80100,https://img.danuri.io/catalog-image/977/633/093/0e4bf764f4f74997a256b50af8504abf.jpg,기계식,유선+무선,풀배열,42g,1110,"블루투스, 전용동글(리시버)",한/영 정각,RGB 백라이트
archon K75 한글 블루투스 5.0 기계식키보드,archon,67190,https://img.danuri.io/catalog-image/803/128/013/e04fac952a4a46b0ac9cfb9c0ac4e891.jpg,기계식,무선,미니,45g,745,"전용동글(리시버), 블루투스",정보없음,없음
라이트컴 COMS BW299 블루투스키보드,라이트컴,21450,https://img.danuri.io/catalog-image/254/135/005/898fd5a4236949289f0d34e9ece5eae6.jpg,펜타그래프,유선+무선,미니,0g,532,블루투스,정보없음,없음
iFLYTEK AI-KTVS-001 AI 무선,iFLYTEK,59100,https://img.danuri.io/catalog-image/126/544/019/1f6c4c6c2bb341aea4fe12d2635a25fa.jpg,펜타그래프,무선,풀배열,0g,532,전용동글(리시버),한/영 정각,없음
비프렌드 KB700 알루미늄 팬터그래프 유선키보드,비프렌드,31500,https://img.danuri.io/catalog-image/768/088/011/f6c1d3113b154804b0ae721111a7c7f2.jpg,펜타그래프,유선,풀배열,0g,850,유선,정보없음,없음
Keychron K10 PRO MAX WOOD 유무선 화이트,Keychron,169720,https://img.danuri.io/catalog-image/522/736/106/3d87e0ed3e91463c97f09a6a3b65855f.jpg,기계식,유선+무선,풀배열,45g,1515,"전용동글(리시버), 블루투스",한/영 정각,RGB 백라이트
한성컴퓨터 GK798PRO 유무선 기계식 로얄 블랙,한성컴퓨터,70890,https://img.danuri.io/catalog-image/389/990/078/c6e1da68d8b24ce4aef911bce079be69.jpg,기계식,유선+무선,풀배열,45g,1100,"전용동글(리시버), 블루투스",한/영 정각,RGB 백라이트
Keychron K8 PRO MAX 유무선 기계식 레트로,Keychron,155800,https://img.danuri.io/catalog-image/555/060/071/1fbed7ed615d45c9989081ad58f048ff.jpg,기계식,유선+무선,텐키리스,57g,1508,"전용동글(리시버), 블루투스",한/영 정각,RGB 백라이트
라이트컴 COMS BW203 블루투스키보드,라이트컴,30050,https://img.danuri.io/catalog-image/820/575/007/ff6b63378bf44073b0dd3ffbdea50202.jpg,펜타그래프,무선,풀배열,0g,675,블루투스,정보없음,없음
로지텍 G913 (정품),로지텍,332500,https://img.danuri.io/catalog-image/947/343/009/ada82eb6382c4faf86a1e44ac50cb5f8.jpg,기계식,무선,풀배열,50g,1025,"전용동글(리시버), 블루투스",정보없음,RGB 백라이트
QSENN SEM-DT35 NEW USB,QSENN,12400,https://img.danuri.io/catalog-image/953/274/003/f17a7bd7fc40461d87b6e6702e25cc1b.jpg,멤브레인,유선,풀배열,0g,626,유선,정보없음,없음
프리플로우 archon AK47 PRO 유무선 기계식 메카닉,프리플로우,87900,https://img.danuri.io/catalog-image/107/655/122/f74a6744cb3548fea8fcda022fb9aa67.jpeg,기계식,유선+무선,텐키리스,35g,1008,"전용동글(리시버), 블루투스",한/영 정각,RGB 백라이트
Actto BTK-12 무선키보드,Actto,25790,https://img.danuri.io/catalog-image/352/238/078/d2721df86ca9462dafcc354d83a99d4c.jpg,펜타그래프,무선,미니,0g,279,"전용동글(리시버), 블루투스",한/영 정각,없음
VARO V87 PASTEL 유무선 기계식,VARO,59000,https://img.danuri.io/catalog-image/642/037/091/524d1fc7aa6e489987839a445b47684b.jpg,기계식,유선+무선,텐키리스,46g,1000,"전용동글(리시버), 블루투스",한/영 정각,RGB 백라이트
지클릭커 Magneon 8K GRT68 문스톤그레이,지클릭커,58690,https://img.danuri.io/catalog-image/471/987/104/dc81142292714f40b9e921f0c19b46c5.jpg,무접점 자석축,유선,미니,35g,830,유선,한/영 정각,RGB 백라이트
지클릭커 WK107 8K 무선 기계식 그린 라이트,지클릭커,77020,https://img.danuri.io/catalog-image/390/888/092/367c09ba06504901bbbbc5c59ba1db96.jpg,기계식,유선+무선,풀배열,37g,1240,"전용동글(리시버), 블루투스",한/영 정각,RGB 백라이트
라이트컴 COMS KB908 블루투스키보드,라이트컴,13000,https://img.danuri.io/catalog-image/832/376/006/a96577cb3b744f2c870431dc862b5f24.jpg,펜타그래프,무선,미니,0g,706,블루투스,정보없음,없음
Deck CBL-104Z 밸러서티,Deck,165990,https://img.danuri.io/catalog-image/044/449/103/7f65b62b28414d0380e11c492fdb7cb0.jpg,무접점 자석축,유선,풀배열,45g,1100,유선,한/영 정각,단색 백라이트
지클릭커 오피스프로 WK80 사일런스L 블록 무선 100,지클릭커,29900,https://img.danuri.io/catalog-image/540/750/104/594345775fec42d0afa86aa87f83546e.jpg,멤브레인,유선+무선,100키,0g,675,"전용동글(리시버), 블루투스",한/영 정각,RGB 백라이트
앱코 K840 사각 레트로 축교환 기계식 핑크,앱코,45000,https://img.danuri.io/catalog-image/914/369/018/2281d42ab3e1449d8a2ae2678b19d1ca.jpg,기계식,유선,풀배열,45g,870,유선,한/영 정각,단색 백라이트
Keychron B1 유무선,Keychron,63190,https://img.danuri.io/catalog-image/112/798/028/31dd42b1cd4846ff988bfa4d065a2a27.jpg,펜타그래프,유선+무선,미니,0g,410,"전용동글(리시버), 블루투스",정보없음,없음
CHERRY MX BOARD 3.0S RGB MX2A 기계식 블랙,CHERRY,149000,https://img.danuri.io/catalog-image/521/101/070/4c8558565f9b4ae19ac29f72e2226a2e.jpg,기계식,유선,풀배열,45g,1025,유선,레이저각인 키캡,RGB 백라이트
Razer BlackWidow V4 Low profile TKL HyperSpeed KR,Razer,213978,https://img.danuri.io/catalog-image/389/774/096/5b30241944ec43c09e6af02b0a1c9248.jpg,기계식,유선+무선,텐키리스,40g,870,"전용동글(리시버), 블루투스",영문 정각,RGB 백라이트
한성컴퓨터 GK797PRO 유무선 기계식 스페이스 블랙,한성컴퓨터,60890,https://img.danuri.io/catalog-image/963/989/078/2baae404bfde47e2811263a3b356c93c.jpg,기계식,유선+무선,텐키리스,35g,1100,"전용동글(리시버), 블루투스",한/영 정각,RGB 백라이트
몬스타 가츠 몬스타덱 TS183,몬스타,105000,https://img.danuri.io/catalog-image/735/470/063/a06e8382e01147c281de6d52ee6aee9a.jpg,기계식,유선,미니,42g,900,유선,한/영 정각,없음
QSENN Q104 LCD 풀윤활 가스켓 유무선 기계식 그라데이션 핑크베리,QSENN,75390,https://img.danuri.io/catalog-image/738/147/092/81d144339c59423292b1d0f7fe0df891.jpg,기계식,유선+무선,풀배열,58g,1160,"전용동글(리시버), 블루투스",정보없음,레인보우 백라이트
몬스타 가츠 스팅87 레피드트리거 자석축,몬스타,48650,https://img.danuri.io/catalog-image/698/861/093/3e8c2417357140c682cf8c8be08532be.jpg,무접점 자석축,유선,텐키리스,45g,670,유선,한/영 정각,RGB 백라이트
QSENN SEM-DT45 Plus 무선,QSENN,13540,https://img.danuri.io/catalog-image/549/459/017/843fd72116464e02ba61ff9438fb1697.jpg,멤브레인,무선,풀배열,0g,735,전용동글(리시버),정보없음,없음
라이트컴 COMS BW300 접이식 블루투스키보드,라이트컴,65000,https://img.danuri.io/catalog-image/289/135/005/7db192e91e464b51a38ecf463f88ae5f.jpg,펜타그래프,무선,미니,0g,309,블루투스,정보없음,없음
지클릭커 슈퍼히어로 브이옵틱 V104 LED 기계식 PBT,지클릭커,53790,https://img.danuri.io/catalog-image/850/397/108/e3df75c95caf4e4f85406a681135d9b2.jpg,기계식,유선,풀배열,40g,1270,유선,한/영 정각,RGB 백라이트
앱코 KN30BT 블루투스 유무선 무접점 타이핑고래,앱코,268000,https://img.danuri.io/catalog-image/574/226/072/e15a87748cb34d96824d89a24f4f6dff.jpg,무접점,유선+무선,풀배열,45g,1035,블루투스,한/영 정각,없음
로지텍 K580,로지텍,75000,https://img.danuri.io/catalog-image/862/283/010/432709e7ddde493897899f2e182b5899.jpg,펜타그래프,무선,101키,0g,558,"전용동글(리시버), 블루투스",영문 정각,없음
그루브스톤 GV8M 8K 유무선 기계식 퍼플러,그루브스톤,154000,https://img.danuri.io/catalog-image/485/639/099/97487778cd7f46e8921eab456cca73e6.jpg,기계식,유선+무선,텐키리스,38g,1400,"전용동글(리시버), 블루투스",한/영 정각,없음
지클릭커 슈퍼히어로 MK100 무선 기계식,지클릭커,47300,https://img.danuri.io/catalog-image/784/433/090/10744dd5ce1548788fc636cfba769c79.jpg,기계식,유선+무선,100키,43g,940,"전용동글(리시버), 블루투스",한/영 정각,RGB 백라이트
그루브스톤 GS104R 표준윤활 띠아모,그루브스톤,78990,https://img.danuri.io/catalog-image/438/885/074/9ab32dc2c24d45dcb792139ef707ebec.jpg,기계식,유선+무선,풀배열,40g,1112,"전용동글(리시버), 블루투스",한/영 정각,RGB 백라이트
지클릭커 WK98 타란튤라 유무선 기계식 화이트 마린,지클릭커,58710,https://img.danuri.io/catalog-image/189/500/090/72f5e4fb385240ae8fedcb6404dbf047.jpg,기계식,유선+무선,98키,37g,1050,"전용동글(리시버), 블루투스",한/영 정각,RGB 백라이트
한성컴퓨터 TFG Cloud Max CF 염료승화 유무선 기계식 키즈,한성컴퓨터,98990,https://img.danuri.io/catalog-image/332/912/099/f0dac73ea7f04ebeba3c13e41ae1db4d.jpg,기계식,유선+무선,풀배열,43g,1165,"전용동글(리시버), 블루투스",한/영 정각,RGB 백라이트
QSENN K1000 무선키보드,QSENN,9900,https://img.danuri.io/catalog-image/466/055/015/8c7677270b1f45a99c7c14f4c884219e.jpg,멤브레인,무선,풀배열,0g,450,전용동글(리시버),한/영 정각,없음
QSENN Q104 LCD 풀윤활 가스켓 유무선 기계식 슈팅스타,QSENN,64790,https://img.danuri.io/catalog-image/693/147/092/bc81205797ae468094900c83b6e2f70c.jpg,기계식,유선+무선,풀배열,47g,1160,"전용동글(리시버), 블루투스",한/영 정각,레인보우 백라이트
써멀테이크 ARGENT K5 RGB 게이밍키보드,써멀테이크,141500,https://img.danuri.io/catalog-image/621/075/014/331c5c6f20d146e2ad264f44a26c1700.jpg,기계식,유선,풀배열,55g,1693,유선,한/영 정각,RGB 백라이트
Razer BlackWidow V4 Low profile TKL HyperSpeed US,Razer,239000,https://img.danuri.io/catalog-image/326/774/096/7d1ed91801094e9e935d5d5dd389e11a.jpg,기계식,유선+무선,텐키리스,45g,870,"전용동글(리시버), 블루투스",영문 정각,RGB 백라이트
CHERRY KW7100 MINI 블루투스,CHERRY,63900,https://img.danuri.io/catalog-image/525/226/037/70d379f267a94c568cf5003a791b25ba.jpg,펜타그래프,무선,미니,0g,430,블루투스,영문 정각,없음
한성컴퓨터 BK300 멀티페어링 블루투스키보드,한성컴퓨터,11470,https://img.danuri.io/catalog-image/920/922/098/f00a636e2ee540cfb18c975a52e3fabf.jpg,펜타그래프,무선,미니,0g,330,"블루투스, AAA건전지x2 제공 리시버 미지원 닫기",정보없음,없음
QSENN Q75 가스켓 유무선 기계식 블루퍼플,QSENN,49790,https://img.danuri.io/catalog-image/609/625/067/d4450da1b9334c8a89ef7326f95512e5.jpg,기계식,유선+무선,미니,55g,860,"전용동글(리시버), 블루투스",한/영 정각,RGB 백라이트
지클릭커 OFFICEPRO 움직이는 마카롱 슬림 라이트 무선 블루투스,지클릭커,12400,https://img.danuri.io/catalog-image/093/050/099/9410fc8ff9f74bf2b09ceeb3ae0a961e.jpg,펜타그래프,무선,미니,0g,259,블루투스,한/영 정각,없음
한성컴퓨터 TFG Cloud Max CF 염료승화 유무선 기계식 서피,한성컴퓨터,117500,https://img.danuri.io/catalog-image/514/348/091/870bea493c694327889bcd51f5489e98.jpg,기계식,유선+무선,풀배열,45g,1165,"전용동글(리시버), 블루투스",한/영 정각,RGB 백라이트
QSENN Q75 가스켓 유무선 기계식 화이트,QSENN,57800,https://img.danuri.io/catalog-image/246/625/067/d6247ac75b4e4372a2137dcd4e1bf6ad.jpg,기계식,유선+무선,미니,52g,860,"전용동글(리시버), 블루투스",한/영 정각,RGB 백라이트
이지넷유비쿼터스 넥스트 NEXT-K380BT,이지넷유비쿼터스,33800,https://img.danuri.io/catalog-image/509/760/011/c75ba75ec6bf430394fba73cc304947a.jpg,펜타그래프,무선,미니,0g,200,블루투스,정보없음,없음
로지텍 G913 TKL (정품),로지텍,299000,https://img.danuri.io/catalog-image/541/662/011/6ec39331aefb46e295855e991bee9754.jpg,기계식,무선,텐키리스,50g,810,"전용동글(리시버), 블루투스",정보없음,RGB 백라이트
CHERRY MX 8.2 TKL XAGA 유무선 기계식,CHERRY,269000,https://img.danuri.io/catalog-image/361/008/074/c9b3e3c995e246328ccf898621f2c3d2.jpg,기계식,유선+무선,텐키리스,45g,830,"전용동글(리시버), 블루투스",영문 정각,RGB 백라이트
에이서 OKW244 저소음 멤브레인,에이서,22500,https://img.danuri.io/catalog-image/319/837/097/25777af5882a4f0bac157a2df4e5b494.jpeg,멤브레인,유선,풀배열,0g,760,유선,한/영 정각,레인보우 백라이트
지클릭커 OFFICEPRO EK600 무선 기계식 네온 화이트,지클릭커,135240,https://img.danuri.io/catalog-image/374/815/094/1b90dfbf10614496834720cb3e50a022.jpg,기계식,유선+무선,풀배열,45g,1185,"전용동글(리시버), 블루투스",한/영 정각,RGB 백라이트
Keychron K10 PRO ZMK 유무선 기계식 카본 블랙,Keychron,128990,https://img.danuri.io/catalog-image/949/206/095/bdb02a8ebc634477a92ce8be35b71804.jpg,기계식,유선+무선,풀배열,45g,1515,"전용동글(리시버), 블루투스",한/영 정각,없음
로지텍 G915 X LIGHTSPEED TKL 화이트 (정품),로지텍,239000,https://img.danuri.io/catalog-image/901/631/093/09db86f186c24711a17ec4b6a8fab2d7.jpg,기계식,유선+무선,텐키리스,45g,860,"전용동글(리시버), 블루투스",한/영 정각,RGB 백라이트
Razer DeathStalker V2 Pro Linear KR,Razer,319000,https://img.danuri.io/catalog-image/794/685/017/76185c0f6470460fadbedd437c9ec9cb.jpg,무접점 광축,유선+무선,풀배열,45g,760,"전용동글(리시버), 블루투스",한/영 정각,RGB 백라이트
아이리버 MEDIC-BK5 항균 블루투스키보드,아이리버,25900,https://img.danuri.io/catalog-image/816/452/015/143888289b2e4384a44c70cd24a0cf84.jpg,멤브레인,무선,미니,0g,430,"전용동글(리시버), 블루투스",한/영 정각,없음
다얼유 DK87 PRO 유무선 기계식 문 더스트,다얼유,49900,https://img.danuri.io/catalog-image/151/600/103/ff9ca5b7f568438bbe1132d96e0e50ed.jpg,기계식,유선+무선,텐키리스,40g,730,"전용동글(리시버), 블루투스",한/영 정각,RGB 백라이트
CHERRY MX BOARD 3.0S TKL RGB 블랙,CHERRY,125310,https://img.danuri.io/catalog-image/977/652/017/7e3599646e3a487c9bc7b4f982d6bd23.jpg,기계식,유선,텐키리스,55g,830,유선,한/영 정각,RGB 백라이트
프리플로우 archon AK74 PRO 유무선 기계식 마카롱,프리플로우,97900,https://img.danuri.io/catalog-image/180/655/122/87a34c61d6f348e98fd5620578823d3b.jpeg,기계식,유선+무선,풀배열,43g,1186,"전용동글(리시버), 블루투스",한/영 정각,RGB 백라이트
한성컴퓨터 TFG Cloud Max CF 동그리 유무선 기계식 말차크림,한성컴퓨터,109000,https://img.danuri.io/catalog-image/043/348/091/92900e4749274020b7e5f4108512d314.jpg,기계식,유선+무선,풀배열,45g,1165,"전용동글(리시버), 블루투스",한/영 정각,RGB 백라이트
CHERRY MX BOARD 3.0S RGB MX2A 무선 기계식,CHERRY,295000,https://img.danuri.io/catalog-image/010/102/070/112932b1bec8437081a78e9099c47941.jpg,기계식,유선+무선,풀배열,45g,1310,"전용동글(리시버), 블루투스",한/영 정각,RGB 백라이트
CORSAIR K65 RGB PLUS 유무선 게이밍 기계식 한글,CORSAIR,189000,https://img.danuri.io/catalog-image/633/079/037/98a794c9f91b469fbdf3c3b5c08f24d0.jpg,기계식,유선+무선,미니,45g,922,"전용동글(리시버), 블루투스",한/영 정각,RGB 백라이트
NuPhy AIR75 V3 유무선 기계식 네뷸라 다크,NuPhy,219000,https://img.danuri.io/catalog-image/089/073/098/7b237b2ec81e45f2a394cb1ff1c2adba.jpg,기계식,유선+무선,미니,42g,724,"블루투스, 전용동글(리시버)",한/영 정각,RGB 백라이트
한성컴퓨터 TFG Cloud Max CF 동그리 유무선 기계식 퍼플하트,한성컴퓨터,89000,https://img.danuri.io/catalog-image/034/348/091/1ebd120517124e698691f3e6e3344742.jpg,기계식,유선+무선,풀배열,35g,1165,"전용동글(리시버), 블루투스",한/영 정각,RGB 백라이트
한성컴퓨터 TFG Cloud Max CF 염료승화 유무선 기계식 퍼플하트,한성컴퓨터,98990,https://img.danuri.io/catalog-image/216/768/098/5587ebd4295f4292b9117722ec7fbe6d.jpg,기계식,유선+무선,풀배열,43g,1165,"전용동글(리시버), 블루투스",한/영 정각,RGB 백라이트
로지텍 MX Keys S for Mac (정품),로지텍,166750,https://img.danuri.io/catalog-image/173/557/079/b04f160425cd423885290bd8a721a008.jpg,펜타그래프,무선,풀배열,0g,810,블루투스,한/영 정각,단색 백라이트
QSENN Q75 가스켓 유무선 기계식 블랙,QSENN,57790,https://img.danuri.io/catalog-image/961/624/067/a26a24658b1a454f8009959eb2e29c66.jpg,기계식,유선+무선,미니,45g,860,"전용동글(리시버), 블루투스",한/영 정각,RGB 백라이트
아이리버 WK101 무선,아이리버,17900,https://img.danuri.io/catalog-image/495/653/122/c524fcfebe6e46a9a383e316f08d1cde.jpeg,멤브레인,무선,풀배열,0g,425,전용동글(리시버),한/영 정각,없음
그루브스톤 GS104R 표준윤활 띠아모 GA,그루브스톤,79000,https://img.danuri.io/catalog-image/064/237/088/559995779e594190a384cc4c5855f091.jpg,기계식,유선+무선,풀배열,40g,1112,"전용동글(리시버), 블루투스",한/영 정각,RGB 백라이트
한성컴퓨터 TFG ART Wireless V2 듀얼무선 기계식키보드블랙,한성컴퓨터,142000,https://img.danuri.io/catalog-image/929/168/018/10be273df3b747778cf3f9dcc99d71b1.jpg,기계식,유선+무선,텐키리스,45g,1520,"전용동글(리시버), 블루투스",한/영 정각,RGB 백라이트
QSENN PTS-GK1000 게이밍 한손키보드,QSENN,15430,https://img.danuri.io/catalog-image/974/555/006/5fa7615403094031a2c6672f8b6f677c.jpg,멤브레인,유선,35키,0g,348,유선,영문 정각,RGB 백라이트
한성컴퓨터 GK787SE OfficeMaster 8K 기계식 토독,한성컴퓨터,77000,https://img.danuri.io/catalog-image/219/269/030/45fd77aeede749a887dae82069a3d857.jpg,기계식,유선,풀배열,35g,1500,유선,한/영 정각,없음
Keychron K10 PRO SE 레트로 유무선 기계식,Keychron,119000,https://img.danuri.io/catalog-image/727/697/054/c169e5c82d56415bae5ac5923835a46d.jpg,기계식,유선+무선,풀배열,45g,1495,블루투스,한/영 정각,없음
지클릭커 WKPS80 87 유무선,지클릭커,26400,https://img.danuri.io/catalog-image/336/679/109/4d5b6758b67e4965ad6e8ed97a2e1ef8.jpg,멤브레인,유선+무선,텐키리스,0g,615,"전용동글(리시버), 블루투스",한/영 정각,RGB 백라이트
한성컴퓨터 TFX GTO Wireless 산토리니,한성컴퓨터,69300,https://img.danuri.io/catalog-image/039/424/031/90a56a00782c4797bccdc6339bf4636e.jpg,기계식,유선+무선,텐키리스,38g,940,"전용동글(리시버), 블루투스",한/영 정각,없음
스카이디지탈 NKEY Z2 LED,스카이디지탈,43720,https://img.danuri.io/catalog-image/400/963/016/ba843d40534c44adaad1b8281173391e.jpg,기계식,유선,풀배열,60g,1150,유선,한/영 정각,단색 백라이트
몬스타 가츠 X108프로 매직 유무선,몬스타,75280,https://img.danuri.io/catalog-image/852/380/093/e48467e642984bec805dc1a9d8ce295f.jpg,펜타그래프,유선+무선,풀배열,0g,553,블루투스,한/영 정각,없음
지클릭커 SPK80 무선 기계식,지클릭커,98900,https://img.danuri.io/catalog-image/681/503/090/a1b42759776643c0bc4acce51870daeb.jpg,기계식,유선+무선,미니,42g,720,"전용동글(리시버), 블루투스",한/영 정각,RGB 백라이트
비프렌드 KB800,비프렌드,23140,https://img.danuri.io/catalog-image/265/431/014/72930bd217174967a06871075db01260.jpg,펜타그래프,유선,풀배열,0g,907,유선,정보없음,없음
i-rocks IRK07W,i-rocks,25500,https://img.danuri.io/catalog-image/851/862/014/f4e3337835744a92913f64f7d72d7a24.jpg,펜타그래프,유선,풀배열,0g,550,유선,한/영 정각,없음
한성컴퓨터 TFG ARF 게이트론 RGB 게이밍 LP 광축 블랙,한성컴퓨터,52900,https://img.danuri.io/catalog-image/358/889/011/c71f72e7ccfc42f1a7f94ebf6277f9bc.jpg,무접점 광축,유선,풀배열,55g,1700,유선,정보없음,없음
QSENN Q104 PBT 풀윤활 가스켓 유무선 기계식 슈팅스타,QSENN,53800,https://img.danuri.io/catalog-image/058/777/097/4fa5ace2564d41a887a1178e9cbf5c63.jpg,기계식,유선+무선,풀배열,42g,1275,"전용동글(리시버), 블루투스",한/영 정각,RGB 백라이트
로지텍 G512 GX Blue 기계식 게이밍키보드(정품),로지텍,112520,https://img.danuri.io/catalog-image/905/861/015/cf02ac4623e946b89a9075fcf5592e97.jpg,기계식,유선,풀배열,50g,962,유선,정보없음,RGB 백라이트
Keychron V10 MAX 유무선 기계식 레트로,Keychron,148120,https://img.danuri.io/catalog-image/022/693/073/cd54582e634e4268bee8385abed31483.jpg,기계식,유선+무선,미니,45g,958,"전용동글(리시버), 블루투스",영문 정각,RGB 백라이트
그루브스톤 GV10 수제윤활 따뜻한크레용 GA,그루브스톤,128800,https://img.danuri.io/catalog-image/307/788/068/03bef1236cfa411da7e4a8f9f82702a3.jpg,기계식,유선,풀배열,45g,1080,유선,한/영 정각,없음
로지텍 MX Keys Mini for Mac (정품),로지텍,127320,https://img.danuri.io/catalog-image/353/332/016/75c0d8f2bcff42bab310027869b374c2.jpg,펜타그래프,무선,미니,0g,506,"전용동글(리시버), 블루투스",한/영 정각,단색 백라이트
아이리버 MEDIC-BK1 항균 블루투스키보드,아이리버,39800,https://img.danuri.io/catalog-image/115/250/015/8eb66c80d68a403bbfc4853aaf221bf0.jpg,멤브레인,무선,풀배열,0g,497,"전용동글(리시버), 블루투스",한/영 정각,없음
다얼유 A104 MASTER 8K 유무선 기계식 레트로베이지,다얼유,129000,https://img.danuri.io/catalog-image/789/320/099/2d1ac0ff5ce14f71a593d0355bf2ee6f.jpg,기계식,유선+무선,풀배열,40g,1060,"전용동글(리시버), 블루투스",한/영 정각,RGB 백라이트
QSENN Q87 PBT 유무선 기계식 블루퍼플,QSENN,49790,https://img.danuri.io/catalog-image/369/810/074/cf8be8252af9456cb25dca50df52a458.jpg,기계식,유선+무선,텐키리스,47g,930,"전용동글(리시버), 블루투스",한/영 정각,RGB 백라이트
몬스타 가츠 X198 노브 보글보글,몬스타,23600,https://img.danuri.io/catalog-image/910/631/093/353e98db449c4c58aeefbb0ede9aee4e.jpg,멤브레인,유선,100키,0g,632,유선,한/영 정각,레인보우 백라이트
삼지아이티 PISnet 폴더노트,삼지아이티,46220,https://img.danuri.io/catalog-image/091/732/003/08ea01d1fdb64b28b6c3c79ede16e31a.jpg,펜타그래프,무선,미니,0g,282,블루투스,정보없음,없음
한성컴퓨터 TFG Cloud Max CL 유무선 기계식 써피,한성컴퓨터,88990,https://img.danuri.io/catalog-image/016/862/093/6f5d5ac9c748479fbafacbc989241447.jpg,기계식,유선+무선,텐키리스,45g,985,"전용동글(리시버), 블루투스",한/영 정각,RGB 백라이트
그라바스타 머큐리 K1 PRO 유무선 기계식,그라바스타,270300,https://img.danuri.io/catalog-image/016/426/091/42a8644a533d41fba86431d85effc813.jpg,기계식,유선+무선,미니,45g,1180,"전용동글(리시버), 블루투스",영문 정각,RGB 백라이트
한성컴퓨터 GK797PRO 유무선 기계식 메탈 화이트,한성컴퓨터,60900,https://img.danuri.io/catalog-image/903/989/078/dc69382a662d470cba40c6388768d279.jpg,기계식,유선+무선,텐키리스,45g,1100,"전용동글(리시버), 블루투스",한/영 정각,RGB 백라이트
Actto B309 유무선,Actto,45900,https://img.danuri.io/catalog-image/722/529/089/adbe58ea6ed14779b0cf9f3db1fef313.jpg,멤브레인,유선+무선,84키,0g,930,블루투스,레이저각인 키캡,없음
QSENN DT35 89 유무선 기계식 화이트,QSENN,40900,https://img.danuri.io/catalog-image/988/624/067/4e8dc826548e4da6a4c4f745ab60a611.jpg,기계식,유선+무선,텐키리스,47g,1010,"전용동글(리시버), 블루투스",한/영 정각,RGB 백라이트
주연테크 긱스타 GK01,주연테크,18510,https://img.danuri.io/catalog-image/641/565/062/24f5c24cc5a24f558d2b6ea95d542348.jpg,멤브레인,유선,풀배열,0g,711,유선,레이저각인 키캡,레인보우 백라이트
한성컴퓨터 GK797PRO 유무선 기계식 오션 화이트,한성컴퓨터,60890,https://img.danuri.io/catalog-image/352/789/076/7ee6d8fa43b24c46b50c0f2313a88f34.jpg,기계식,유선+무선,텐키리스,38g,1100,"전용동글(리시버), 블루투스",한/영 정각,RGB 백라이트
Deck CBL-87XN Francium 거북선 한산,Deck,155000,https://img.danuri.io/catalog-image/924/501/020/d5547b79679c4d3d8a0f76873933209a.jpg,기계식,유선,텐키리스,45g,920,유선,한/영 정각,없음
지클릭커 OFFICEPRO WK70 사일런스 L 무선,지클릭커,19790,https://img.danuri.io/catalog-image/200/620/100/5ceaaf3743124dee8329d144d46f62f4.jpg,멤브레인,무선,풀배열,0g,435,"전용동글(리시버), 블루투스",한/영 정각,없음
QSENN Q99 유무선 기계식 크림치즈,QSENN,65790,https://img.danuri.io/catalog-image/973/686/068/cb35db3e327c43a2b97542202c32b45e.jpg,기계식,유선+무선,99키,45g,1035,"전용동글(리시버), 블루투스",한/영 정각,RGB 백라이트
Keychron K3 Retro,Keychron,99000,https://img.danuri.io/catalog-image/035/269/016/9abe0e353daa46de8f5e281bc754c97f.jpg,기계식,유선+무선,미니,50g,483,블루투스,영문 정각,없음
QSENN SEM-DT25T 그린 LED 텐키리스,QSENN,15900,https://img.danuri.io/catalog-image/030/859/006/ed6c5389f7024b86a2a8713be7fdb88e.jpg,멤브레인,유선,텐키리스,0g,737,유선,정보없음,단색 백라이트
GDEVIL G917 SCUD 기계식 화이트,GDEVIL,40600,https://img.danuri.io/catalog-image/175/628/021/e05654c53e5544309fb71008ff330a36.jpg,기계식,유선,풀배열,50g,1046,유선,정보없음,레인보우 백라이트
QSENN Q99 유무선 기계식 블랙,QSENN,66890,https://img.danuri.io/catalog-image/694/686/068/292b18db7213418e96bfe4b73ce80591.jpg,기계식,유선+무선,99키,55g,1035,"전용동글(리시버), 블루투스",한/영 정각,RGB 백라이트
앱코 AN07C 블루,앱코,58000,https://img.danuri.io/catalog-image/138/656/069/35c082e81c9a4ef488c732bb9d8377bd.jpg,무접점 광축,유선,풀배열,60g,1216,유선,한/영 정각,레인보우 백라이트
Keychron K10 PRO MAX 유무선 기계식 레트로 파스텔,Keychron,149300,https://img.danuri.io/catalog-image/306/317/093/635da722b2654f068b8d13475ceb56d3.jpg,기계식,유선+무선,풀배열,45g,1530,"전용동글(리시버), 블루투스",한/영 정각,RGB 백라이트
그루브스톤 GS85R 표준윤활 민들레,그루브스톤,78990,https://img.danuri.io/catalog-image/024/057/074/afa0f88fb2f4440fae72ac3e4e5ac0a3.jpg,기계식,유선+무선,텐키리스,40g,930,"블루투스, 전용동글(리시버)",한/영 정각,없음
AULA Hi98 PRO 유무선 기계식 블랙,AULA,139020,https://img.danuri.io/catalog-image/132/317/093/0412a3d740d44d05a1fdb4b41347b766.jpg,기계식,유선+무선,101키,43g,2270,"전용동글(리시버), 블루투스",한/영 정각,RGB 백라이트
지클릭커 OFFICEPRO OPK50 사일런스 M RGB 무소음 방수 104,지클릭커,18390,https://img.danuri.io/catalog-image/302/401/103/ceaf81c5a9ff491896da67a569025b74.jpg,멤브레인,유선,풀배열,0g,725,유선,한/영 정각,RGB 백라이트
다얼유 EK106 PRO 8K 기계식 화이트,다얼유,155900,https://img.danuri.io/catalog-image/745/380/077/ed59d64c74614d3fb468a304a5b5c4ed.jpg,기계식,유선,풀배열,42g,926,유선,한/영 정각,RGB 백라이트
CHERRY XTRFY MX 3.1 RGB MX2A 화이트,CHERRY,151050,https://img.danuri.io/catalog-image/683/237/045/3b816fe89c8d4bbaa7c6ce86fc1d84e8.jpg,기계식,유선,풀배열,45g,1120,유선,레이저각인 키캡,RGB 백라이트
GDEVIL G917 SCUD 기계식 블랙,GDEVIL,40600,https://img.danuri.io/catalog-image/127/628/021/e5c3ef18c7fd48ec9795dba5e905d83d.jpg,기계식,유선,풀배열,45g,1046,유선,정보없음,레인보우 백라이트
다얼유 A87 MASTER 8K 유무선 기계식 아이스블루,다얼유,119000,https://img.danuri.io/catalog-image/397/696/100/cdcdf04b08084690bd3c1d61652b2522.jpg,기계식,유선+무선,텐키리스,42g,850,"블루투스, 전용동글(리시버)",한/영 정각,RGB 백라이트
archon K75 영문 블루투스 5.0 기계식키보드,archon,42900,https://img.danuri.io/catalog-image/840/064/013/f4f156c2b506437391e2f6bad3ddcf65.jpg,기계식,무선,미니,45g,745,"전용동글(리시버), 블루투스",정보없음,없음
아이리버 MWK601 무선,아이리버,26900,https://img.danuri.io/catalog-image/087/630/101/0071c15a8bbc401086187aa1b369f6e3.jpg,멤브레인,무선,풀배열,0g,560,"전용동글(리시버), 블루투스",한/영 정각,없음
AULA F75 유무선 기계식 다크블루 한글,AULA,74800,https://img.danuri.io/catalog-image/482/329/076/d27eb46f61c84dd88fa082826d36f4f1.jpg,기계식,유선+무선,미니,40g,1023,"전용동글(리시버), 블루투스",한/영 정각,RGB 백라이트
한성컴퓨터 TFG Cloud CL 유무선 기계식 비너스네이비,한성컴퓨터,89300,https://img.danuri.io/catalog-image/193/418/063/7f0cf6025074481aa4ceb83f09ac1f4b.jpg,기계식,유선+무선,텐키리스,35g,1000,"전용동글(리시버), 블루투스",한/영 정각,RGB 백라이트
Keychron K15 PRO SE ZMK 유무선 기계식 레트로 파스텔,Keychron,129800,https://img.danuri.io/catalog-image/259/780/106/11d42a2cec314a5fb974a62ecb3b7548.jpg,기계식,유선+무선,미니,55g,700,"전용동글(리시버), 블루투스",한/영 정각,없음
QSENN Q99 유무선 기계식 화이트,QSENN,66790,https://img.danuri.io/catalog-image/955/686/068/60225f72315c46fe8504fa67e2c04455.jpg,기계식,유선+무선,99키,47g,1035,"전용동글(리시버), 블루투스",한/영 정각,RGB 백라이트
DURGOD K610W 유무선 핫스왑키보드,DURGOD,228640,https://img.danuri.io/catalog-image/677/366/018/15100c5ce26d42b799c0b984539cb78c.jpg,기계식,유선+무선,풀배열,40g,1200,"블루투스, 전용동글(리시버)",한/영 정각,없음
한성컴퓨터 GK101 OfficeMaster,한성컴퓨터,22890,https://img.danuri.io/catalog-image/076/550/102/42c89b0bcd844b019f3196df03f51a83.jpg,멤브레인,유선,풀배열,0g,631,유선,한/영 정각,레인보우 백라이트
QSENN SEM-DT65T LED,QSENN,24800,https://img.danuri.io/catalog-image/326/040/017/1d29b0847a7845fab088a84be9ec1325.jpg,멤브레인,유선,미니,0g,323,유선,레이저각인 키캡,레인보우 백라이트
스카이디지탈 NKEYBOARD NKEY-매크로,스카이디지탈,242000,https://img.danuri.io/catalog-image/560/040/002/8d280965a8dc454fa0d0bec6ef51ef29.jpg,멤브레인,유선,풀배열,0g,759,유선,정보없음,없음
Keychron K10 PRO ZMK 유무선 기계식 레트로 파스텔,Keychron,128990,https://img.danuri.io/catalog-image/123/356/102/23bca6e5886342dc89d1604bd16ae422.jpg,기계식,유선+무선,풀배열,57g,1515,"전용동글(리시버), 블루투스",한/영 정각,없음
다얼유 EK106 PRO 8K 기계식 블랙,다얼유,155900,https://img.danuri.io/catalog-image/860/080/094/c7994ffd2e54438791c302b180ba0f9c.jpg,기계식,유선,풀배열,45g,926,유선,한/영 정각,RGB 백라이트
QSENN X104 풀윤활 가스켓 기계식 라벤더,QSENN,39800,https://img.danuri.io/catalog-image/983/479/103/ead2ff36c69344f3b01e3ddc081d0857.jpg,기계식,유선,풀배열,45g,870,유선,한/영 정각,RGB 백라이트
QSENN Q75 가스켓 유무선 기계식 크림치즈,QSENN,56390,https://img.danuri.io/catalog-image/740/052/074/a9da9b69c8af445aa3de5acb9fd18687.jpg,기계식,유선+무선,미니,47g,860,"전용동글(리시버), 블루투스",한/영 정각,RGB 백라이트
QSENN Q104 8K 풀윤활 유무선 기계식 벚꽃,QSENN,73530,https://img.danuri.io/catalog-image/071/651/096/16dda37c9a1d473e8983f86dcdbbebf6.jpg,기계식,유선+무선,풀배열,50g,1160,"전용동글(리시버), 블루투스",한/영 정각,RGB 백라이트
포팩트 ACT99 유무선 기계식,포팩트,76000,https://img.danuri.io/catalog-image/703/789/076/17b10f5ad43b43d29400ca127cd7a73f.jpg,기계식,유선+무선,99키,35g,1100,"전용동글(리시버), 블루투스",한/영 정각,RGB 백라이트
QSENN GP-K1200,QSENN,6900,https://img.danuri.io/catalog-image/509/213/012/d988163de4324d3fa5c1ad872a13f6c7.jpg,멤브레인,유선,풀배열,0g,471,유선,정보없음,없음
QSENN Q87 PBT 유무선 기계식 크림치즈,QSENN,49790,https://img.danuri.io/catalog-image/195/810/074/67a5751afd044dd6b9131dcba6b80f97.jpg,기계식,유선+무선,텐키리스,47g,930,"전용동글(리시버), 블루투스",한/영 정각,RGB 백라이트
한성컴퓨터 TFG Cloud CF 유무선 기계식 코튼캔디,한성컴퓨터,99000,https://img.danuri.io/catalog-image/453/451/055/5fea09587b0f4faca7db94c199c3d06f.jpg,기계식,유선+무선,풀배열,38g,1280,"전용동글(리시버), 블루투스",한/영 정각,없음
다얼유 EK87 PRO 유무선 기계식 블랙,다얼유,59000,https://img.danuri.io/catalog-image/732/983/078/71e653dcaa8a4525b63d7cdaf413729c.jpg,기계식,유선+무선,텐키리스,40g,735,"전용동글(리시버), 블루투스",정보없음,RGB 백라이트
ASUS ROG STRIX SCOPE II 96 유무선 기계식 WHITE,ASUS,170000,https://img.danuri.io/catalog-image/223/096/058/a7f600f68be448dc95df70384952f4fe.jpg,기계식,유선+무선,98키,40g,1012,"전용동글(리시버), 블루투스",영문 정각,RGB 백라이트
Keychron K10 PRO MAX WOOD 유무선 블랙,Keychron,169740,https://img.danuri.io/catalog-image/492/736/106/89282a47e9df43268fe696e4e0de697e.jpg,기계식,유선+무선,풀배열,45g,1515,"전용동글(리시버), 블루투스",한/영 정각,RGB 백라이트
다얼유 COOL68 8K,다얼유,59000,https://img.danuri.io/catalog-image/529/696/100/641be62d444d4dcabc22ce4cb30551f8.jpg,무접점 자석축,유선,미니,35g,740,유선,정보없음,RGB 백라이트
Keychron K10 PRO SE2 유무선 기계식 화이트,Keychron,116320,https://img.danuri.io/catalog-image/786/081/077/2742b16cade24f72bd3d67d92b3d2c0e.jpg,기계식,유선+무선,풀배열,57g,1515,"전용동글(리시버), 블루투스",한/영 정각,없음
Razer Ornata V3 TKL KR,Razer,83150,https://img.danuri.io/catalog-image/087/970/019/d7b234ef44a5404589426857d6c6e8ff.jpg,멤브레인,유선,텐키리스,0g,644,유선,정보없음,RGB 백라이트
지클릭커 Magneon 8K GRT68 화이트마린,지클릭커,58690,https://img.danuri.io/catalog-image/920/447/108/100365885e0748a6ac7a260ffb2a4190.jpg,무접점 자석축,유선,미니,37g,830,유선,한/영 정각,RGB 백라이트
지클릭커 Magneon 8K GRT107 화이트마린,지클릭커,74800,https://img.danuri.io/catalog-image/375/987/104/a1bba6cca9c14ba489893b712515f5e8.jpg,무접점 자석축,유선,풀배열,37g,1110,유선,한/영 정각,RGB 백라이트
앱코 프리미어 프로,앱코,85770,https://img.danuri.io/catalog-image/648/997/049/3d3d55ccadef44208ba6477705b0c11e.jpg,기계식,유선,풀배열,45g,784,유선,정보없음,없음
CHERRY MX BOARD 3.0S TKL RGB 핑크,CHERRY,99000,https://img.danuri.io/catalog-image/133/653/017/731057d05b834cfea6f446995572e5c8.jpg,기계식,유선,텐키리스,50g,830,유선,한/영 정각,RGB 백라이트
ASUS ROG CLAYMORE II RX 영문,ASUS,372400,https://img.danuri.io/catalog-image/222/408/014/08d4d16aaa7643709c1b09456633db76.jpg,무접점 광축,유선+무선,풀배열,40g,1156,전용동글(리시버),영문 정각,RGB 백라이트
Deck CBL-87XN Francium 거북선 블랙에디션,Deck,169890,https://img.danuri.io/catalog-image/684/220/011/ec5bffead2ec48bd9b18a3e1c954293f.jpg,기계식,유선,텐키리스,60g,920,유선,한/영 정각,없음
한성컴퓨터 TFX GTO Wireless 로보,한성컴퓨터,69300,https://img.danuri.io/catalog-image/987/424/031/bb3ced4cdac748ceb01e1cbce14f64fc.jpg,기계식,유선+무선,텐키리스,55g,940,"전용동글(리시버), 블루투스",한/영 정각,없음
KWUMSY K3,KWUMSY,679500,https://img.danuri.io/catalog-image/351/427/031/db717095efcb4c03b7b35f6eceaa6a16.jpg,기계식,유선,미니,50g,2120,유선,정보없음,없음
